date,symbol,sector,open,high,low,close,adj_close,volume
2024-08-21,BETA,Finance,58.56,59.28,56.70,57.41,57.40,1421387
2023-10-11,GAMMA,Healthcare,49.25,50.06,47.22,48.01,48.00,1475387
2024-09-11,DELTA,Energy,75.93,77.08,74.25,75.39,75.38,1430370
2024-06-13,ALPHA,Technology,141.81,145.11,140.14,143.42,143.39,2357567
2023-02-24,BETA,Finance,66.57,68.95,65.68,68.04,68.04,1618465
2024-11-01,ALPHA,Technology,103.10,105.53,101.38,103.80,103.78,2320619
2024-08-06,DELTA,Energy,95.53,97.68,92.20,94.33,94.31,1264739
2023-05-23,GAMMA,Healthcare,46.93,47.74,44.98,45.76,45.76,1794694
2024-01-03,DELTA,Energy,66.72,68.47,66.10,67.85,67.84,1268117
2023-08-28,DELTA,Energy,66.86,69.32,65.61,68.04,68.04,1513029
2024-01-05,GAMMA,Healthcare,42.80,44.14,42.06,43.39,43.38,1481680
2024-01-29,BETA,Finance,71.44,73.15,70.79,72.50,72.49,1226667
2023-01-06,DELTA,Energy,57.87,60.26,57.27,59.64,59.64,1752946
2024-09-17,ALPHA,Technology,104.17,105.27,102.37,103.46,103.44,1794351
2024-01-01,GAMMA,Healthcare,42.24,42.98,41.57,42.30,42.30,1714060
2024-04-03,OMEGA,Consumer,108.58,109.49,106.15,107.04,107.02,1575403
2024-03-18,GAMMA,Healthcare,41.69,42.13,41.05,41.49,41.48,1360234
2024-04-08,BETA,Finance,72.41,74.58,71.50,73.66,73.65,1588616
2024-10-23,BENCH,Benchmark,151.04,153.26,149.21,151.43,151.40,1352253
2023-09-15,ALPHA,Technology,106.29,110.51,105.96,110.17,110.16,1381742
2024-04-25,OMEGA,Consumer,107.78,108.73,104.69,105.62,105.61,2141477
2024-12-17,GAMMA,Healthcare,65.92,66.65,64.58,65.30,65.28,1503395
2024-08-23,BETA,Finance,57.65,58.23,57.23,57.81,57.80,1656781
2023-06-07,ALPHA,Technology,92.32,93.86,88.73,90.24,90.24,1547234
2023-12-14,DELTA,Energy,72.41,74.37,69.58,71.52,71.51,1398616
2023-11-23,DELTA,Energy,67.78,71.62,66.84,70.63,70.62,1145182
2024-04-15,ALPHA,Technology,103.75,108.83,102.42,107.46,107.44,1760973
2024-08-22,OMEGA,Consumer,106.12,108.96,104.49,107.31,107.30,1199561
2023-05-01,DELTA,Energy,87.89,88.53,85.56,86.19,86.19,1526068
2023-09-01,DELTA,Energy,69.59,70.12,68.13,68.65,68.65,1405835
2023-03-08,DELTA,Energy,63.15,65.74,61.68,64.24,64.24,1131985
2024-08-02,ALPHA,Technology,120.44,121.97,115.78,117.27,117.25,1450886
2024-01-22,DELTA,Energy,71.14,73.56,69.64,72.05,72.04,1523443
2023-02-07,BETA,Finance,62.89,64.64,62.35,64.09,64.09,1418345
2023-10-20,BENCH,Benchmark,147.67,148.66,146.17,147.16,147.15,1465565
2023-09-05,BETA,Finance,69.43,70.51,68.30,69.37,69.37,1489650
2023-05-03,BETA,Finance,93.33,94.82,90.34,91.81,91.81,1638595
2024-01-17,ALPHA,Technology,107.88,110.73,105.86,108.69,108.67,1610585
2023-03-24,GAMMA,Healthcare,48.25,49.14,47.09,47.97,47.97,1392721
2023-05-19,OMEGA,Consumer,82.23,83.03,81.26,82.06,82.06,1418287
2023-03-24,OMEGA,Consumer,81.86,84.31,80.36,82.80,82.80,1992192
2023-05-17,GAMMA,Healthcare,46.93,47.72,45.78,46.57,46.57,2525108
2023-07-07,OMEGA,Consumer,76.28,76.83,74.54,75.08,75.08,1391824
2024-06-28,BENCH,Benchmark,159.17,160.69,157.78,159.30,159.27,2286501
2023-12-18,BENCH,Benchmark,140.27,141.71,138.44,139.88,139.87,1499641
2024-03-07,BENCH,Benchmark,127.53,129.78,126.25,128.49,128.47,2095744
2023-10-13,DELTA,Energy,79.44,81.43,77.14,79.12,79.11,1416208
2023-07-18,BETA,Finance,57.74,58.76,57.28,58.29,58.29,1178313
2023-02-09,GAMMA,Healthcare,41.82,42.41,41.04,41.62,41.62,1546373
2024-11-15,ALPHA,Technology,117.69,121.50,116.43,120.21,120.18,1292369
2024-05-23,GAMMA,Healthcare,47.33,48.52,46.68,47.86,47.85,1278966
2024-08-02,OMEGA,Consumer,114.56,116.03,113.44,114.91,114.89,1609248
2024-05-16,GAMMA,Healthcare,47.35,47.90,46.89,47.43,47.42,1411116
2024-06-13,OMEGA,Consumer,119.82,121.01,118.60,119.79,119.77,1198168
2024-06-28,OMEGA,Consumer,129.61,131.87,127.93,130.18,130.16,1238467
2023-06-15,BETA,Finance,70.85,72.45,70.40,71.99,71.99,1525204
2023-08-18,GAMMA,Healthcare,42.35,43.44,41.65,42.73,42.72,1575851
2024-04-26,ALPHA,Technology,117.54,118.66,114.34,115.43,115.42,1826752
2023-05-05,ALPHA,Technology,105.07,107.13,101.27,103.30,103.30,2116594
2024-05-14,ALPHA,Technology,121.42,122.75,118.83,120.15,120.13,1304608
2023-03-08,GAMMA,Healthcare,43.35,43.80,42.96,43.41,43.41,1789057
2023-03-31,ALPHA,Technology,108.90,111.32,107.42,109.83,109.83,1746944
2024-10-10,BENCH,Benchmark,143.99,147.46,142.67,146.12,146.09,1547653
2023-12-06,ALPHA,Technology,102.52,105.11,99.25,101.83,101.82,1427994
2024-09-03,OMEGA,Consumer,103.34,105.31,101.76,103.71,103.69,1583768
2023-09-15,DELTA,Energy,70.24,72.05,68.91,70.71,70.71,1590069
2024-07-15,BENCH,Benchmark,155.94,157.24,153.87,155.17,155.14,1372077
2023-07-07,BENCH,Benchmark,111.90,112.75,110.39,111.25,111.24,1389445
2023-12-18,DELTA,Energy,71.62,72.77,68.73,69.84,69.83,1196352
2024-12-24,ALPHA,Technology,129.91,134.31,128.37,132.73,132.70,1563594
2024-11-21,BENCH,Benchmark,168.16,170.16,165.66,167.66,167.62,1558420
2024-03-12,DELTA,Energy,71.45,73.19,70.58,72.31,72.30,1144875
2024-04-17,BENCH,Benchmark,141.76,142.85,140.16,141.24,141.22,1500122
2024-09-11,GAMMA,Healthcare,50.85,52.60,50.03,51.77,51.76,1323035
2024-12-05,DELTA,Energy,96.42,97.71,94.45,95.73,95.71,1551757
2024-10-03,GAMMA,Healthcare,49.01,51.23,48.81,51.02,51.01,1387791
2023-07-25,GAMMA,Healthcare,39.40,40.39,38.77,39.76,39.75,1406502
2023-07-03,ALPHA,Technology,79.74,81.01,76.59,77.83,77.83,1420828
2024-07-19,DELTA,Energy,97.37,100.73,96.11,99.44,99.42,2047656
2024-11-26,BENCH,Benchmark,170.92,173.64,169.56,172.28,172.24,1501803
2023-05-17,BENCH,Benchmark,133.03,134.38,129.31,130.64,130.64,1538787
2024-01-04,BENCH,Benchmark,133.45,134.38,131.57,132.49,132.48,1887218
2024-01-15,BETA,Finance,78.96,80.01,77.74,78.79,78.79,1932416
2023-12-29,ALPHA,Technology,103.01,107.94,101.71,106.59,106.58,1631848
2024-02-01,DELTA,Energy,69.32,70.18,68.56,69.42,69.41,1387240
2024-08-01,ALPHA,Technology,121.19,123.34,117.32,119.44,119.42,2017002
2024-11-29,ALPHA,Technology,121.13,124.64,119.87,123.36,123.33,1360758
2024-03-08,BENCH,Benchmark,128.84,130.00,127.45,128.61,128.59,1535742
2024-12-19,ALPHA,Technology,128.42,132.18,125.38,129.12,129.09,1499869
2023-06-27,BETA,Finance,66.47,67.24,65.40,66.17,66.17,1530799
2024-05-15,DELTA,Energy,81.67,83.30,79.21,80.82,80.81,1393659
2024-07-15,OMEGA,Consumer,117.57,119.41,114.66,116.48,116.46,1389524
2024-10-16,GAMMA,Healthcare,53.46,55.14,52.66,54.32,54.30,1670629
2024-09-24,BETA,Finance,55.13,56.73,54.73,56.32,56.30,1324129
2023-05-31,DELTA,Energy,77.56,81.03,75.76,79.19,79.19,1208087
2024-09-13,BENCH,Benchmark,136.40,138.14,135.61,137.34,137.31,1387520
2024-05-24,ALPHA,Technology,135.69,137.17,128.61,130.03,130.01,2143355
2024-10-21,DELTA,Energy,85.48,87.02,82.69,84.21,84.19,1797116
2023-11-15,GAMMA,Healthcare,44.08,44.89,42.85,43.65,43.64,1686596
2023-05-05,GAMMA,Healthcare,50.63,50.90,49.13,49.39,49.39,1577487
2023-10-06,ALPHA,Technology,107.36,109.61,105.69,107.92,107.91,1732238
2024-11-19,OMEGA,Consumer,105.48,107.57,104.31,106.39,106.36,1495587
2023-08-29,DELTA,Energy,67.54,70.11,65.72,68.27,68.26,1701518
2024-05-10,ALPHA,Technology,119.69,121.85,117.79,119.95,119.94,1567284
2023-09-27,OMEGA,Consumer,95.83,97.47,94.38,96.01,96.01,1449489
2023-12-26,ALPHA,Technology,101.30,103.77,99.31,101.77,101.76,1708303
2023-10-25,DELTA,Energy,77.26,78.25,74.30,75.27,75.26,1165756
2024-02-15,BENCH,Benchmark,126.08,126.94,124.60,125.46,125.44,1423717
2024-07-16,DELTA,Energy,101.03,103.34,98.62,100.93,100.91,1505314
2023-03-27,BETA,Finance,81.87,84.45,80.67,83.23,83.23,1503664
2024-08-22,ALPHA,Technology,104.62,105.85,103.99,105.21,105.19,1703854
2024-07-09,ALPHA,Technology,147.69,151.56,145.56,149.40,149.38,1929805
2024-09-09,ALPHA,Technology,107.70,108.68,106.56,107.54,107.52,1303038
2024-06-07,DELTA,Energy,92.47,94.65,87.23,89.33,89.32,1177299
2023-12-25,ALPHA,Technology,102.31,103.74,99.88,101.30,101.29,1375899
2024-06-24,GAMMA,Healthcare,53.82,54.58,52.96,53.72,53.71,1717322
2023-04-12,DELTA,Energy,81.38,86.89,79.79,85.23,85.23,1430327
2024-03-18,OMEGA,Consumer,108.21,110.03,105.97,107.77,107.76,1408714
2024-06-19,ALPHA,Technology,139.78,144.95,136.70,141.83,141.81,1628081
2023-10-18,ALPHA,Technology,114.02,115.61,112.36,113.95,113.94,1366437
2024-08-27,GAMMA,Healthcare,54.73,55.50,52.45,53.20,53.19,1369344
2024-01-02,GAMMA,Healthcare,42.19,42.65,41.79,42.25,42.24,1647072
2023-03-02,BENCH,Benchmark,113.23,114.71,112.03,113.51,113.51,1638346
2023-06-02,ALPHA,Technology,93.42,94.53,89.12,90.19,90.18,1675044
2024-12-05,OMEGA,Consumer,112.37,115.02,110.91,113.55,113.52,1219981
2024-02-19,OMEGA,Consumer,112.25,113.89,111.04,112.67,112.66,1926317
2023-03-31,DELTA,Energy,78.08,81.69,76.69,80.26,80.26,1740169
2023-03-10,GAMMA,Healthcare,43.35,44.01,41.49,42.13,42.13,1266826
2023-12-05,ALPHA,Technology,99.00,103.47,97.65,102.08,102.07,1677007
2024-09-23,GAMMA,Healthcare,49.29,50.32,48.59,49.62,49.61,1519627
2023-11-24,GAMMA,Healthcare,44.36,45.51,43.67,44.81,44.81,1631599
2024-09-26,BENCH,Benchmark,135.16,137.65,134.21,136.69,136.66,1414757
2023-08-25,OMEGA,Consumer,88.40,89.13,88.25,88.98,88.98,1337824
2024-03-29,BENCH,Benchmark,137.70,140.56,136.62,139.47,139.45,1757195
2023-01-25,DELTA,Energy,61.48,64.07,60.51,63.07,63.07,1255796
2024-08-27,BETA,Finance,57.04,57.57,56.51,57.04,57.03,2059133
2023-07-13,BENCH,Benchmark,110.65,111.49,107.50,108.32,108.31,1466536
2023-04-04,GAMMA,Healthcare,50.35,50.79,49.94,50.38,50.37,2022997
2023-09-06,GAMMA,Healthcare,47.21,47.87,45.98,46.64,46.63,1418368
2024-07-05,OMEGA,Consumer,128.12,129.52,121.71,123.05,123.03,1329789
2024-12-10,GAMMA,Healthcare,62.41,63.90,61.60,63.08,63.07,1369055
2024-10-07,BETA,Finance,58.32,60.35,57.56,59.58,59.57,1678482
2024-05-20,OMEGA,Consumer,116.12,118.69,114.55,117.10,117.09,1742091
2023-03-20,GAMMA,Healthcare,43.63,44.37,43.20,43.95,43.95,1400046
2024-03-13,OMEGA,Consumer,109.42,111.68,106.11,108.35,108.34,1487633
2024-05-02,GAMMA,Healthcare,45.76,46.33,45.04,45.60,45.60,1369454
2024-10-04,ALPHA,Technology,101.74,105.84,100.51,104.57,104.55,1635934
2024-11-01,OMEGA,Consumer,106.97,108.12,106.05,107.21,107.18,1485631
2023-04-03,ALPHA,Technology,109.30,112.40,107.98,111.06,111.06,1416023
2023-10-25,BENCH,Benchmark,146.69,148.03,145.16,146.50,146.48,1589212
2024-03-13,GAMMA,Healthcare,42.69,43.42,42.07,42.80,42.79,1616192
2024-08-21,GAMMA,Healthcare,55.87,56.62,54.04,54.77,54.76,1714376
2024-11-07,BENCH,Benchmark,160.33,162.19,158.92,160.77,160.74,1365850
2024-08-21,DELTA,Energy,80.40,81.59,75.94,77.08,77.06,1367612
2024-08-02,DELTA,Energy,99.30,100.22,96.84,97.75,97.74,1412261
2023-06-15,OMEGA,Consumer,75.72,77.02,75.18,76.48,76.47,1201758
2023-05-10,BENCH,Benchmark,133.36,134.49,130.01,131.11,131.11,1490025
2024-11-06,ALPHA,Technology,106.61,108.78,105.77,107.92,107.90,1708123
2023-01-17,BENCH,Benchmark,102.41,104.05,101.55,103.18,103.18,1920381
2024-06-14,OMEGA,Consumer,119.78,123.35,118.70,122.25,122.23,1743639
2024-06-27,ALPHA,Technology,144.72,148.15,142.56,145.97,145.94,1716325
2023-02-13,OMEGA,Consumer,68.16,69.82,67.40,69.05,69.05,1692285
2024-05-14,BETA,Finance,68.52,70.24,67.83,69.55,69.54,1306861
2024-07-31,ALPHA,Technology,124.26,125.17,120.85,121.75,121.73,1839197
2024-03-26,OMEGA,Consumer,104.05,105.51,102.42,103.87,103.86,1698206
2024-04-01,OMEGA,Consumer,106.07,108.79,104.50,107.20,107.19,1365331
2023-10-16,DELTA,Energy,79.06,80.63,75.58,77.12,77.11,1278432
2023-07-10,BENCH,Benchmark,111.05,111.87,110.17,110.99,110.98,2291492
2023-02-28,BENCH,Benchmark,111.25,113.16,110.26,112.17,112.17,2043183
2023-05-02,ALPHA,Technology,102.96,105.77,101.27,104.06,104.06,1671966
2024-02-26,OMEGA,Consumer,112.47,114.01,109.35,110.86,110.85,1495097
2023-01-10,OMEGA,Consumer,71.37,72.08,70.44,71.16,71.16,1570947
2024-04-22,DELTA,Energy,68.09,69.90,67.11,68.92,68.91,1249599
2023-05-03,ALPHA,Technology,104.50,106.28,103.20,104.97,104.97,1285755
2024-12-05,GAMMA,Healthcare,62.19,63.33,61.01,62.14,62.13,1608460
2023-03-09,OMEGA,Consumer,72.68,75.42,71.72,74.43,74.43,2114210
2023-10-30,GAMMA,Healthcare,44.61,44.84,44.41,44.63,44.63,1343201
2023-02-21,BETA,Finance,66.67,68.16,66.08,67.56,67.56,1578782
2024-03-06,OMEGA,Consumer,109.73,110.88,108.39,109.55,109.53,1619232
2023-04-20,DELTA,Energy,85.84,87.37,82.91,84.41,84.41,1722735
2024-10-01,GAMMA,Healthcare,49.42,50.16,48.61,49.34,49.33,1270278
2024-12-12,BETA,Finance,71.25,74.15,70.43,73.31,73.29,1483544
2023-06-23,BETA,Finance,67.63,68.21,66.04,66.61,66.61,1406029
2023-08-14,DELTA,Energy,63.22,64.26,62.26,63.31,63.30,1942863
2024-09-05,GAMMA,Healthcare,50.31,50.94,49.53,50.16,50.15,1403891
2024-03-19,ALPHA,Technology,96.22,99.52,94.40,97.68,97.66,1281376
2024-12-13,BETA,Finance,73.49,75.23,72.54,74.27,74.26,1398956
2023-02-08,GAMMA,Healthcare,40.81,42.33,40.45,41.96,41.96,1479036
2023-09-04,BENCH,Benchmark,128.44,129.99,127.58,129.13,129.12,1382367
2024-12-30,OMEGA,Consumer,106.39,107.43,103.74,104.76,104.74,1462811
2023-09-25,ALPHA,Technology,106.58,111.14,105.41,109.93,109.92,1808533
2024-02-07,BENCH,Benchmark,122.98,124.98,121.80,123.80,123.78,1769989
2024-01-31,GAMMA,Healthcare,41.73,42.54,39.98,40.77,40.77,1842485
2024-11-29,BENCH,Benchmark,172.68,175.34,170.91,173.56,173.52,1705877
2024-06-10,DELTA,Energy,88.80,91.83,87.95,90.96,90.95,1174758
2023-05-01,BENCH,Benchmark,131.57,133.61,130.12,132.16,132.16,2238483
2023-09-15,BETA,Finance,76.01,79.91,74.73,78.59,78.58,1233875
2023-03-23,BETA,Finance,78.62,81.68,77.75,80.79,80.79,1243889
2024-12-09,BENCH,Benchmark,170.42,171.71,168.42,169.70,169.66,1395352
2024-03-28,BENCH,Benchmark,137.63,139.25,136.50,138.11,138.09,1625753
2024-10-28,DELTA,Energy,86.32,88.92,85.00,87.59,87.57,1205191
2024-04-09,BENCH,Benchmark,144.00,145.46,140.00,141.44,141.42,1496118
2024-02-28,GAMMA,Healthcare,42.10,42.88,41.50,42.28,42.27,1583123
2023-04-12,BETA,Finance,88.85,93.62,87.50,92.22,92.21,1594274
2023-02-21,BENCH,Benchmark,108.43,110.13,107.90,109.60,109.60,1867361
2023-07-04,BETA,Finance,63.36,64.57,62.91,64.11,64.10,1851994
2023-06-22,BETA,Finance,69.24,70.10,67.00,67.84,67.84,1520191
2023-12-01,DELTA,Energy,66.20,68.13,65.51,67.42,67.42,1665176
2023-04-07,DELTA,Energy,83.98,85.17,80.89,82.05,82.05,1231042
2023-01-11,GAMMA,Healthcare,42.25,43.30,41.53,42.58,42.58,1945988
2024-11-14,DELTA,Energy,89.83,91.30,89.02,90.48,90.46,1494021
2023-12-26,OMEGA,Consumer,100.22,103.29,98.76,101.81,101.79,1305974
2023-04-03,GAMMA,Healthcare,49.36,50.95,48.92,50.50,50.50,2078019
2023-07-12,GAMMA,Healthcare,42.85,43.49,41.59,42.22,42.22,1623790
2023-03-17,BENCH,Benchmark,123.13,124.63,122.17,123.67,123.67,1330705
2024-04-01,GAMMA,Healthcare,42.90,43.53,41.39,42.00,41.99,1740107
2024-04-24,DELTA,Energy,69.89,72.80,68.99,71.87,71.86,1148803
2023-09-01,GAMMA,Healthcare,44.47,45.14,44.09,44.76,44.76,1614008
2023-04-06,GAMMA,Healthcare,51.37,52.36,50.53,51.51,51.51,1522346
2024-10-01,OMEGA,Consumer,99.18,101.29,97.86,99.95,99.93,1364432
2024-09-02,ALPHA,Technology,103.23,106.21,101.47,104.43,104.41,1659322
2024-12-24,BETA,Finance,75.00,76.55,74.16,75.70,75.68,1342664
2024-11-18,BENCH,Benchmark,166.39,167.45,164.26,165.32,165.28,1606398
2023-02-08,BETA,Finance,63.84,64.96,63.07,64.18,64.18,1284047
2024-05-15,OMEGA,Consumer,115.35,117.82,114.17,116.62,116.60,1478917
2023-03-16,GAMMA,Healthcare,42.46,43.40,41.83,42.77,42.77,1390713
2024-08-09,ALPHA,Technology,109.77,111.55,104.84,106.57,106.55,1625675
2023-09-15,GAMMA,Healthcare,47.24,48.22,46.39,47.37,47.36,1296657
2023-05-05,BETA,Finance,91.31,92.72,88.80,90.19,90.19,1772291
2024-01-15,ALPHA,Technology,110.73,112.12,108.55,109.93,109.92,1857200
2024-06-21,OMEGA,Consumer,121.14,123.90,119.65,122.40,122.38,1407592
2024-08-12,OMEGA,Consumer,111.36,113.09,107.95,109.66,109.64,1834248
2024-07-18,ALPHA,Technology,136.44,138.36,131.75,133.63,133.61,2139364
2023-09-21,BENCH,Benchmark,140.05,140.62,138.59,139.16,139.16,1691506
2024-08-26,ALPHA,Technology,104.37,106.89,102.66,105.18,105.16,1659584
2024-10-22,BETA,Finance,61.34,62.04,60.70,61.40,61.39,1565390
2023-10-31,BETA,Finance,79.42,80.67,77.68,78.92,78.92,1267522
2024-05-21,BENCH,Benchmark,149.85,151.76,148.09,150.00,149.98,1440358
2023-09-28,GAMMA,Healthcare,47.32,47.81,46.68,47.17,47.16,2176132
2024-05-02,OMEGA,Consumer,110.95,113.32,109.43,111.78,111.77,1328427
2024-01-15,BENCH,Benchmark,131.43,132.89,130.41,131.87,131.85,1416712
2024-07-26,BENCH,Benchmark,149.54,150.83,147.80,149.09,149.06,1593078
2024-12-06,BENCH,Benchmark,169.08,171.59,167.84,170.34,170.31,1611915
2024-11-19,GAMMA,Healthcare,59.40,60.10,58.68,59.37,59.36,1460060
2024-01-23,ALPHA,Technology,104.95,109.70,102.69,107.39,107.38,1588328
2024-02-28,BENCH,Benchmark,126.83,128.06,123.85,125.06,125.04,1459816
2023-02-28,BETA,Finance,66.94,67.72,66.43,67.21,67.21,1361160
2023-09-05,DELTA,Energy,69.40,71.50,67.88,69.97,69.96,1417795
2024-07-01,OMEGA,Consumer,129.50,132.50,128.29,131.27,131.25,1580667
2024-02-08,GAMMA,Healthcare,41.17,41.70,40.48,41.01,41.01,1554046
2024-06-04,OMEGA,Consumer,124.18,125.69,122.93,124.43,124.41,1690521
2024-10-18,BETA,Finance,62.12,63.25,61.45,62.57,62.56,1200144
2024-12-12,DELTA,Energy,99.36,101.45,95.91,97.98,97.95,1188687
2023-05-16,BETA,Finance,92.00,92.71,89.95,90.65,90.65,1269948
2023-06-22,DELTA,Energy,70.79,72.08,69.90,71.19,71.18,1191694
2024-02-26,BENCH,Benchmark,127.98,128.99,126.54,127.55,127.54,1430148
2024-07-01,DELTA,Energy,98.34,101.65,96.75,100.02,100.01,1478371
2023-09-22,ALPHA,Technology,105.90,109.03,104.27,107.37,107.36,1372616
2024-08-07,ALPHA,Technology,116.10,118.16,109.70,111.69,111.67,2279940
2023-03-28,OMEGA,Consumer,82.76,83.83,81.39,82.46,82.46,1386971
2023-10-04,BETA,Finance,78.48,80.92,77.60,80.02,80.01,1534009
2023-03-10,DELTA,Energy,66.67,68.00,65.46,66.79,66.79,1258104
2024-10-09,DELTA,Energy,80.09,81.13,77.05,78.06,78.05,1256127
2024-09-04,BENCH,Benchmark,135.41,137.69,134.44,136.71,136.69,1385860
2024-04-23,OMEGA,Consumer,106.23,107.90,104.60,106.27,106.26,1478399
2023-06-08,BETA,Finance,76.80,77.30,75.52,76.01,76.01,1717679
2023-09-05,GAMMA,Healthcare,46.71,47.84,46.18,47.30,47.30,1504192
2024-03-19,DELTA,Energy,72.12,73.48,69.49,70.82,70.81,1425703
2023-11-20,ALPHA,Technology,100.43,103.62,98.29,101.46,101.45,1419212
2023-08-14,ALPHA,Technology,82.29,83.06,80.62,81.39,81.38,1322567
2024-10-22,OMEGA,Consumer,108.57,108.95,106.84,107.23,107.20,1322098
2023-09-11,DELTA,Energy,70.11,71.90,68.71,70.50,70.50,1732758
2023-10-09,DELTA,Energy,78.28,80.07,77.23,79.01,79.00,1374301
2023-04-11,BENCH,Benchmark,130.86,132.92,129.50,131.55,131.55,1915936
2024-03-07,BETA,Finance,67.38,68.19,66.92,67.73,67.72,1291412
2023-12-11,ALPHA,Technology,99.85,102.72,98.07,100.93,100.92,2052515
2024-09-04,DELTA,Energy,74.41,75.69,73.21,74.49,74.48,1242296
2023-09-14,BETA,Finance,75.16,76.97,74.16,75.96,75.95,1403262
2023-02-10,ALPHA,Technology,89.49,92.67,87.44,90.59,90.59,2003345
2023-01-27,BENCH,Benchmark,102.84,103.54,101.87,102.57,102.57,1592302
2023-01-09,BETA,Finance,63.62,64.54,62.47,63.38,63.38,1284893
2023-04-21,GAMMA,Healthcare,53.55,54.18,51.23,51.84,51.84,1255701
2024-09-27,OMEGA,Consumer,98.21,101.82,97.03,100.61,100.59,1429410
2023-05-12,ALPHA,Technology,110.36,111.69,107.53,108.85,108.84,2652765
2023-11-13,BETA,Finance,78.09,79.03,77.21,78.14,78.14,1538547
2023-06-22,OMEGA,Consumer,76.17,78.08,75.22,77.12,77.12,1375184
2024-08-21,OMEGA,Consumer,110.34,111.51,105.17,106.30,106.29,1531853
2023-10-02,DELTA,Energy,74.00,76.18,72.70,74.86,74.85,1301442
2024-06-05,ALPHA,Technology,140.21,143.15,133.38,136.24,136.22,1533266
2024-04-23,BENCH,Benchmark,143.06,144.21,142.12,143.27,143.25,1633302
2024-09-30,ALPHA,Technology,104.42,106.08,103.02,104.68,104.65,1527550
2024-08-09,GAMMA,Healthcare,57.23,58.00,55.03,55.78,55.77,1738860
2024-10-03,BENCH,Benchmark,138.46,142.15,137.41,141.08,141.05,1606104
2023-07-26,ALPHA,Technology,77.14,78.46,75.29,76.59,76.59,1515310
2024-08-27,OMEGA,Consumer,104.14,105.09,103.21,104.16,104.14,2186544
2024-04-26,GAMMA,Healthcare,44.92,45.52,44.48,45.08,45.07,1768221
2024-09-23,BENCH,Benchmark,134.81,135.75,133.62,134.56,134.53,1452493
2023-06-06,DELTA,Energy,78.72,81.17,77.19,79.62,79.61,1229767
2023-10-03,DELTA,Energy,74.65,75.60,73.80,74.74,74.73,1192367
2024-07-10,BETA,Finance,69.65,70.19,66.67,67.19,67.18,1175580
2024-07-18,OMEGA,Consumer,113.57,116.81,112.20,115.41,115.39,1532518
2023-11-27,OMEGA,Consumer,96.73,98.00,94.39,95.65,95.64,1580736
2024-04-05,GAMMA,Healthcare,42.57,43.22,42.15,42.79,42.79,1226981
2024-04-25,DELTA,Energy,71.76,74.24,70.93,73.40,73.39,1541021
2023-12-12,GAMMA,Healthcare,46.52,47.53,46.08,47.09,47.09,1598668
2023-02-22,GAMMA,Healthcare,39.26,40.72,38.84,40.29,40.29,1728511
2023-11-29,OMEGA,Consumer,96.39,97.46,95.05,96.11,96.10,1643367
2023-03-23,BENCH,Benchmark,126.04,128.23,124.96,127.14,127.14,1490572
2023-12-05,BENCH,Benchmark,137.61,139.94,136.75,139.07,139.06,1433456
2023-09-11,GAMMA,Healthcare,45.32,46.80,44.74,46.21,46.21,1903552
2023-08-21,DELTA,Energy,70.01,70.73,67.58,68.29,68.29,1272079
2024-01-08,BENCH,Benchmark,133.18,134.84,131.78,133.44,133.42,2123594
2024-07-11,BENCH,Benchmark,154.05,155.33,153.29,154.56,154.53,2003796
2024-09-09,GAMMA,Healthcare,50.36,51.88,49.73,51.23,51.22,2051776
2024-09-06,BETA,Finance,54.91,55.83,54.50,55.42,55.41,1338671
2024-02-27,BETA,Finance,67.74,68.45,65.74,66.43,66.43,1928589
2024-06-26,BETA,Finance,66.76,68.57,66.08,67.88,67.87,1279523
2024-03-25,DELTA,Energy,72.67,74.12,70.45,71.89,71.88,1573818
2023-06-06,OMEGA,Consumer,75.42,76.87,74.67,76.12,76.12,1265238
2023-12-08,BENCH,Benchmark,141.34,143.03,139.63,141.33,141.31,1841511
2023-11-29,DELTA,Energy,66.97,67.66,65.59,66.27,66.26,1224069
2023-02-02,BENCH,Benchmark,101.63,103.61,100.61,102.59,102.59,2711950
2024-11-08,BENCH,Benchmark,161.43,162.80,159.94,161.30,161.27,1723208
2024-03-28,DELTA,Energy,75.90,77.00,73.56,74.64,74.63,1324130
2023-01-13,BENCH,Benchmark,101.07,103.24,100.23,102.39,102.39,1419662
2024-07-25,BENCH,Benchmark,150.33,151.86,147.86,149.39,149.36,2039164
2023-12-19,ALPHA,Technology,100.73,101.79,99.79,100.86,100.85,1562587
2023-09-21,GAMMA,Healthcare,45.80,46.18,44.49,44.87,44.86,1352754
2024-09-30,BETA,Finance,57.78,59.29,57.23,58.73,58.72,1868915
2023-08-16,GAMMA,Healthcare,41.98,43.01,41.30,42.32,42.32,1301975
2024-04-02,BENCH,Benchmark,140.48,144.09,139.11,142.69,142.67,1372974
2024-07-05,BETA,Finance,66.71,68.17,66.33,67.79,67.78,1367004
2023-02-17,ALPHA,Technology,88.74,90.12,86.21,87.56,87.56,1483593
2023-09-28,DELTA,Energy,73.85,75.24,72.84,74.22,74.21,1517675
2024-10-30,ALPHA,Technology,102.96,104.66,99.99,101.67,101.65,1780611
2023-02-23,DELTA,Energy,62.85,64.18,62.09,63.41,63.41,1478899
2024-01-02,ALPHA,Technology,106.75,108.50,103.69,105.42,105.41,1472596
2024-10-22,DELTA,Energy,84.35,86.82,83.46,85.91,85.89,1251230
2023-11-15,ALPHA,Technology,105.47,107.53,101.25,103.26,103.25,1663244
2023-10-31,DELTA,Energy,73.73,74.72,72.71,73.70,73.69,1232269
2023-01-18,ALPHA,Technology,90.35,91.30,88.57,89.51,89.51,1693223
2024-12-27,BENCH,Benchmark,171.63,172.85,169.47,170.68,170.64,2065935
2024-12-18,DELTA,Energy,98.38,101.54,97.09,100.23,100.20,1248661
2023-07-06,BETA,Finance,63.35,64.07,61.81,62.51,62.51,1615750
2024-10-04,DELTA,Energy,78.72,81.49,78.48,81.23,81.22,1204493
2023-04-28,OMEGA,Consumer,80.59,81.40,78.44,79.24,79.24,1343576
2023-07-03,DELTA,Energy,65.35,67.15,64.33,66.12,66.12,1706230
2024-09-03,BENCH,Benchmark,134.89,136.91,133.91,135.93,135.90,1919683
2023-01-05,BETA,Finance,63.08,63.76,61.43,62.10,62.10,1582874
2023-08-15,ALPHA,Technology,81.06,83.75,79.27,81.94,81.94,2388410
2024-12-16,GAMMA,Healthcare,64.93,66.82,63.96,65.84,65.82,1838803
2024-01-05,BETA,Finance,80.78,81.73,79.05,79.99,79.98,1312960
2023-03-22,ALPHA,Technology,105.35,106.08,105.05,105.78,105.78,1940623
2024-04-30,BETA,Finance,70.36,71.59,69.52,70.75,70.74,1215628
2023-06-13,OMEGA,Consumer,75.25,76.63,74.68,76.05,76.05,1342291
2024-07-02,BENCH,Benchmark,159.55,160.71,158.25,159.41,159.38,2222664
2024-10-04,OMEGA,Consumer,100.69,101.67,99.59,100.56,100.54,1741018
2023-12-11,DELTA,Energy,68.41,69.34,67.26,68.18,68.18,1363349
2023-10-30,BETA,Finance,78.88,80.34,77.96,79.41,79.40,1711423
2024-11-04,ALPHA,Technology,103.55,105.04,102.07,103.56,103.53,2169777
2023-05-19,BETA,Finance,89.54,90.49,88.26,89.20,89.20,1556920
2024-09-20,DELTA,Energy,70.72,72.02,69.73,71.03,71.01,1421340
2024-09-12,DELTA,Energy,75.37,76.80,72.50,73.90,73.89,1930248
2024-10-08,BENCH,Benchmark,144.55,146.43,143.64,145.52,145.48,2015495
2024-06-24,DELTA,Energy,91.94,94.97,89.57,92.58,92.56,1226484
2023-01-25,BENCH,Benchmark,103.16,104.05,101.95,102.83,102.83,1586467
2024-07-26,GAMMA,Healthcare,56.75,58.40,56.10,57.73,57.72,1486732
2023-11-10,DELTA,Energy,69.40,70.59,66.67,67.83,67.83,1340110
2023-06-19,BETA,Finance,70.95,71.71,68.96,69.71,69.70,1390804
2023-04-17,BETA,Finance,92.54,94.75,91.23,93.44,93.43,2396515
2024-06-28,ALPHA,Technology,145.03,146.91,141.44,143.30,143.28,2106077
2023-07-05,ALPHA,Technology,77.59,78.73,75.89,77.02,77.01,1400775
2023-06-16,DELTA,Energy,72.93,73.70,71.16,71.92,71.92,1219575
2024-11-11,GAMMA,Healthcare,58.16,58.76,57.08,57.67,57.66,2011182
2023-10-19,BETA,Finance,84.26,85.04,81.70,82.46,82.45,1189190
2024-05-08,OMEGA,Consumer,114.34,116.72,113.08,115.45,115.43,1231736
2024-08-15,GAMMA,Healthcare,55.75,56.44,55.06,55.75,55.74,1600607
2023-12-04,OMEGA,Consumer,96.93,97.66,95.64,96.37,96.36,1475431
2023-01-26,DELTA,Energy,62.85,63.72,61.44,62.30,62.30,1514875
2023-06-07,BENCH,Benchmark,120.82,121.50,118.45,119.12,119.12,2069167
2024-03-20,BETA,Finance,69.57,70.33,68.90,69.66,69.65,1284424
2023-06-01,BETA,Finance,82.11,84.44,81.43,83.74,83.74,1535436
2024-07-08,BETA,Finance,68.47,68.68,67.90,68.11,68.10,1650742
2023-05-08,OMEGA,Consumer,79.14,80.53,78.39,79.77,79.77,1331522
2024-12-16,BENCH,Benchmark,172.60,173.68,170.86,171.94,171.90,1820568
2024-01-29,GAMMA,Healthcare,40.33,40.94,39.89,40.49,40.49,1329311
2023-08-25,GAMMA,Healthcare,44.26,45.38,43.58,44.70,44.69,1565199
2023-06-12,BETA,Finance,74.04,75.01,71.85,72.80,72.80,1774400
2024-07-02,OMEGA,Consumer,131.36,133.46,126.07,128.11,128.09,1229010
2024-05-23,ALPHA,Technology,130.35,135.61,129.25,134.49,134.47,1633585
2023-11-22,ALPHA,Technology,99.68,101.19,98.33,99.84,99.83,2177221
2023-03-27,DELTA,Energy,76.72,78.06,75.29,76.63,76.63,1494939
2023-12-13,BENCH,Benchmark,141.38,142.43,140.24,141.28,141.27,1767499
2023-12-22,OMEGA,Consumer,98.58,100.60,97.05,99.07,99.06,1382912
2024-04-12,ALPHA,Technology,104.74,106.20,102.33,103.77,103.76,1358649
2023-04-05,BETA,Finance,85.29,86.97,84.14,85.82,85.82,1458759
2023-05-30,BENCH,Benchmark,124.12,125.43,121.49,122.79,122.78,1335232
2023-09-07,GAMMA,Healthcare,47.08,47.47,46.34,46.72,46.72,1896925
2023-07-13,OMEGA,Consumer,75.84,77.21,75.04,76.41,76.40,1744742
2024-12-02,BETA,Finance,69.87,71.67,69.18,70.97,70.96,1719584
2024-01-24,BETA,Finance,72.50,73.27,71.46,72.22,72.22,1242455
2023-02-17,BETA,Finance,67.14,68.11,66.45,67.41,67.41,1995637
2023-01-19,BENCH,Benchmark,104.20,105.33,103.50,104.63,104.63,1952551
2023-05-29,ALPHA,Technology,99.35,102.18,97.75,100.56,100.55,1625840
2023-03-14,ALPHA,Technology,106.25,107.38,105.31,106.43,106.43,1284785
2024-01-03,BETA,Finance,79.95,81.26,79.17,80.47,80.46,1639942
2023-08-17,ALPHA,Technology,84.04,85.72,83.36,85.03,85.03,1864537
2023-10-25,OMEGA,Consumer,103.31,104.22,101.68,102.58,102.57,1764158
2024-08-26,DELTA,Energy,76.92,79.44,76.05,78.54,78.53,1216715
2023-05-16,DELTA,Energy,79.47,80.45,78.05,79.03,79.03,1422116
2023-04-03,OMEGA,Consumer,83.57,85.86,82.57,84.85,84.84,1197734
2024-10-08,ALPHA,Technology,105.36,106.77,103.41,104.81,104.79,1500682
2024-10-11,DELTA,Energy,78.74,80.39,75.37,76.98,76.97,1197107
2023-11-03,ALPHA,Technology,103.55,106.04,101.40,103.89,103.88,1407665
2023-11-22,BETA,Finance,79.60,80.50,78.98,79.88,79.87,1806284
2023-05-18,OMEGA,Consumer,81.41,83.68,80.87,83.13,83.13,1663667
2023-05-22,ALPHA,Technology,105.81,107.16,103.36,104.69,104.69,1301287
2024-12-18,BETA,Finance,74.09,74.89,73.76,74.56,74.54,1852980
2023-02-09,ALPHA,Technology,90.12,92.02,87.61,89.49,89.49,1406602
2024-12-27,GAMMA,Healthcare,65.88,66.37,64.56,65.04,65.03,1923051
2024-01-01,BETA,Finance,80.78,81.69,79.47,80.38,80.37,1600532
2024-04-08,DELTA,Energy,72.22,72.92,71.22,71.92,71.91,1673019
2024-09-17,GAMMA,Healthcare,50.55,51.14,49.36,49.95,49.94,2389851
2023-02-14,ALPHA,Technology,91.19,92.50,87.52,88.80,88.80,2131421
2024-11-20,BENCH,Benchmark,166.12,168.45,164.91,167.22,167.19,1488870
2023-12-28,OMEGA,Consumer,101.11,104.84,99.94,103.63,103.62,1236019
2024-09-26,ALPHA,Technology,101.93,106.11,99.94,104.07,104.05,1832226
2024-12-09,OMEGA,Consumer,112.10,113.90,110.74,112.53,112.50,1286817
2024-06-12,BETA,Finance,68.91,69.85,66.09,67.00,66.99,1272598
2023-08-14,BENCH,Benchmark,114.53,115.89,113.77,115.12,115.11,1546682
2023-11-07,DELTA,Energy,70.15,71.77,69.33,70.94,70.94,1212305
2023-12-14,GAMMA,Healthcare,47.03,47.50,46.63,47.10,47.10,2472859
2023-11-27,GAMMA,Healthcare,44.77,45.93,44.11,45.26,45.25,1342405
2023-05-12,GAMMA,Healthcare,46.01,46.37,44.99,45.35,45.35,1488684
2023-07-24,ALPHA,Technology,78.04,79.04,74.30,75.26,75.26,1537379
2024-04-23,BETA,Finance,70.59,72.96,70.10,72.46,72.45,1257401
2024-09-03,GAMMA,Healthcare,50.89,51.68,49.72,50.49,50.48,1654224
2024-12-03,DELTA,Energy,96.54,97.89,95.29,96.64,96.62,1747896
2023-10-04,BENCH,Benchmark,139.48,140.57,138.42,139.51,139.50,1680027
2023-10-04,OMEGA,Consumer,94.31,97.73,92.70,96.08,96.08,1522812
2024-01-16,ALPHA,Technology,110.29,112.00,106.85,108.53,108.51,1996935
2023-03-23,DELTA,Energy,72.50,75.72,71.57,74.77,74.77,1474741
2023-12-21,GAMMA,Healthcare,44.25,44.70,43.65,44.09,44.09,1542321
2024-06-17,DELTA,Energy,93.40,94.34,91.41,92.34,92.32,1623321
2023-11-06,BETA,Finance,78.77,79.83,77.99,79.05,79.04,1398173
2023-12-21,ALPHA,Technology,101.39,103.20,98.06,99.84,99.83,1324510
2023-01-04,BENCH,Benchmark,99.64,101.35,98.73,100.43,100.43,1543465
2023-07-24,BETA,Finance,58.80,59.43,57.83,58.45,58.45,1591277
2024-01-02,DELTA,Energy,68.11,69.43,65.17,66.46,66.45,1399103
2023-08-23,ALPHA,Technology,86.39,90.32,84.91,88.80,88.80,1941999
2024-02-05,DELTA,Energy,70.12,72.67,69.52,72.06,72.05,1597931
2024-04-10,OMEGA,Consumer,101.97,104.95,100.79,103.74,103.72,1298165
2024-07-08,GAMMA,Healthcare,55.10,55.75,54.47,55.11,55.10,1277886
2023-12-19,GAMMA,Healthcare,46.67,47.22,44.59,45.12,45.11,1287587
2024-04-16,ALPHA,Technology,107.09,108.10,104.71,105.71,105.70,2248705
2024-03-11,ALPHA,Technology,93.01,97.16,91.58,95.69,95.67,1316631
2024-01-11,OMEGA,Consumer,109.84,110.59,108.44,109.18,109.17,1538444
2024-03-07,OMEGA,Consumer,109.26,110.66,108.46,109.85,109.84,1752180
2023-10-19,GAMMA,Healthcare,48.53,49.26,48.16,48.88,48.88,1539449
2023-05-11,OMEGA,Consumer,81.14,82.25,78.47,79.56,79.56,1739167
2023-10-23,BETA,Finance,80.79,81.03,80.16,80.40,80.39,1425017
2024-08-27,DELTA,Energy,78.25,81.46,76.47,79.65,79.63,1377444
2023-06-30,DELTA,Energy,66.61,67.66,64.57,65.60,65.60,1338379
2023-02-28,OMEGA,Consumer,71.20,73.17,70.65,72.62,72.62,2126046
2023-06-19,BENCH,Benchmark,117.57,118.89,114.87,116.17,116.17,3056280
2023-01-31,BETA,Finance,62.65,63.50,60.82,61.66,61.66,1545240
2023-03-16,DELTA,Energy,69.63,71.66,68.57,70.58,70.58,1216405
2023-11-16,GAMMA,Healthcare,43.75,44.08,42.96,43.29,43.28,1452444
2023-05-22,DELTA,Energy,77.60,78.58,76.67,77.64,77.64,1291047
2024-12-02,GAMMA,Healthcare,63.54,64.34,61.43,62.22,62.21,2076346
2023-10-02,BENCH,Benchmark,138.77,140.97,137.20,139.39,139.38,1478165
2023-09-08,OMEGA,Consumer,91.93,94.07,90.96,93.09,93.08,1737978
2023-10-06,OMEGA,Consumer,98.57,101.79,97.46,100.66,100.65,1299342
2024-11-05,BENCH,Benchmark,158.62,160.64,157.52,159.54,159.51,1729687
2024-06-06,BENCH,Benchmark,159.45,160.91,158.34,159.79,159.77,1418767
2023-11-09,BENCH,Benchmark,141.90,143.14,139.85,141.08,141.06,1679875
2024-05-23,DELTA,Energy,81.17,84.98,79.45,83.20,83.19,1237146
2023-06-21,ALPHA,Technology,82.32,83.02,81.67,82.37,82.36,1613413
2024-06-05,OMEGA,Consumer,124.97,126.89,119.87,121.74,121.72,1489026
2024-01-23,DELTA,Energy,72.51,73.79,71.14,72.42,72.41,1336421
2023-01-16,DELTA,Energy,58.92,61.41,57.83,60.29,60.29,1302368
2024-03-15,DELTA,Energy,73.13,73.89,72.10,72.86,72.85,1337363
2024-04-12,BENCH,Benchmark,141.21,142.14,139.42,140.34,140.32,1437569
2024-06-27,BENCH,Benchmark,161.44,162.59,157.99,159.13,159.10,1643516
2023-09-26,OMEGA,Consumer,96.85,97.59,95.26,95.99,95.98,1617341
2024-11-04,OMEGA,Consumer,106.74,108.22,103.21,104.66,104.64,1427349
2023-12-18,ALPHA,Technology,99.27,101.31,98.27,100.30,100.29,1590212
2024-03-08,GAMMA,Healthcare,42.90,43.51,42.22,42.82,42.82,1617168
2024-04-09,ALPHA,Technology,114.30,116.11,107.57,109.30,109.29,1732001
2023-05-17,BETA,Finance,90.92,91.80,87.88,88.74,88.74,1242022
2024-12-23,DELTA,Energy,100.80,102.03,97.75,98.97,98.95,1764148
2024-11-04,BENCH,Benchmark,157.51,159.89,156.22,158.60,158.56,1521336
2023-04-14,OMEGA,Consumer,82.60,83.48,82.06,82.95,82.94,1499786
2024-05-03,OMEGA,Consumer,111.94,113.50,110.88,112.44,112.43,1243520
2023-08-16,DELTA,Energy,65.40,68.19,64.15,66.91,66.91,1459102
2023-01-26,OMEGA,Consumer,69.91,71.51,69.27,70.85,70.85,1603235
2024-01-10,GAMMA,Healthcare,43.24,44.67,42.71,44.13,44.12,1715648
2024-02-12,GAMMA,Healthcare,41.03,42.29,40.48,41.73,41.72,1302738
2023-12-11,BETA,Finance,79.16,80.33,76.67,77.83,77.82,1821029
2023-10-30,OMEGA,Consumer,94.94,98.13,94.02,97.19,97.19,1500184
2024-08-28,BENCH,Benchmark,136.66,137.80,134.59,135.71,135.69,1415498
2024-07-12,DELTA,Energy,97.19,100.94,95.82,99.53,99.52,1471737
2024-07-11,GAMMA,Healthcare,56.02,56.27,55.46,55.71,55.70,1553411
2023-02-16,GAMMA,Healthcare,39.90,40.35,38.64,39.08,39.08,1876547
2024-05-03,DELTA,Energy,76.96,79.22,76.21,78.46,78.45,1336308
2023-09-04,DELTA,Energy,68.31,70.53,67.20,69.40,69.40,1404314
2023-09-29,OMEGA,Consumer,95.50,96.91,93.13,94.52,94.51,1573606
2024-03-04,DELTA,Energy,70.33,73.25,68.81,71.70,71.69,1390878
2024-05-23,BETA,Finance,67.91,69.12,66.07,67.26,67.25,1194523
2024-04-05,ALPHA,Technology,112.64,116.13,110.94,114.40,114.38,1584906
2024-10-11,BENCH,Benchmark,146.78,147.91,144.37,145.49,145.46,2016160
2024-09-30,BENCH,Benchmark,137.06,138.85,135.98,137.76,137.73,1685126
2023-05-16,BENCH,Benchmark,132.20,133.04,131.14,131.98,131.98,1580139
2024-11-28,BENCH,Benchmark,172.70,174.49,171.28,173.06,173.02,1562323
2024-09-17,BENCH,Benchmark,137.08,138.24,135.37,136.52,136.49,1454544
2024-01-11,BETA,Finance,79.48,80.31,78.34,79.17,79.16,1470982
2023-06-01,ALPHA,Technology,96.24,97.04,93.30,94.08,94.08,1806962
2023-01-31,ALPHA,Technology,93.08,95.16,90.56,92.64,92.64,1618992
2024-05-21,ALPHA,Technology,122.24,128.14,120.64,126.49,126.47,1639555
2023-02-23,OMEGA,Consumer,68.99,71.54,68.09,70.62,70.62,1387717
2024-02-05,BETA,Finance,72.45,73.50,71.94,72.98,72.97,1562577
2024-01-10,DELTA,Energy,69.60,70.90,66.08,67.35,67.34,1969929
2024-08-19,GAMMA,Healthcare,54.63,55.24,54.05,54.66,54.65,1485390
2023-04-14,GAMMA,Healthcare,53.19,54.48,52.70,53.98,53.98,1339679
2024-03-15,BENCH,Benchmark,131.00,132.52,130.48,131.99,131.98,1768487
2024-05-20,ALPHA,Technology,120.35,124.54,117.94,122.09,122.08,2151275
2023-09-22,DELTA,Energy,69.62,70.70,67.98,69.05,69.04,1860227
2024-11-07,DELTA,Energy,94.66,96.93,92.80,95.07,95.05,1645934
2023-03-21,BETA,Finance,75.69,78.40,74.56,77.26,77.26,1600760
2023-06-19,OMEGA,Consumer,76.53,77.58,74.24,75.27,75.27,1372609
2023-08-30,OMEGA,Consumer,88.46,90.42,87.60,89.55,89.54,1348089
2024-03-11,BETA,Finance,67.97,68.63,66.22,66.87,66.86,1589417
2023-01-26,ALPHA,Technology,95.32,96.90,92.01,93.56,93.56,1581225
2024-01-22,OMEGA,Consumer,108.17,111.74,106.49,110.03,110.02,1379640
2023-05-12,BENCH,Benchmark,132.84,133.84,130.69,131.68,131.68,1823190
2023-06-08,GAMMA,Healthcare,43.51,43.98,42.64,43.11,43.11,1260577
2024-09-30,DELTA,Energy,78.26,80.92,76.78,79.42,79.40,1614877
2023-11-20,BENCH,Benchmark,138.62,142.63,137.52,141.51,141.49,1713640
2024-12-31,GAMMA,Healthcare,64.73,65.72,63.89,64.88,64.86,1233127
2024-09-12,BETA,Finance,56.60,56.85,55.72,55.96,55.95,1896101
2023-11-28,OMEGA,Consumer,95.74,97.64,93.91,95.80,95.79,2405039
2024-02-14,ALPHA,Technology,100.61,102.15,99.16,100.70,100.69,1400313
2024-05-29,GAMMA,Healthcare,48.76,50.13,47.70,49.07,49.06,2059800
2024-06-04,BENCH,Benchmark,157.39,159.61,156.04,158.26,158.23,1905263
2024-02-29,BENCH,Benchmark,125.17,126.04,124.16,125.03,125.02,1734183
2024-10-01,BENCH,Benchmark,138.34,139.59,136.16,137.41,137.38,1759950
2023-07-11,DELTA,Energy,64.98,67.83,63.60,66.43,66.42,1962546
2024-02-27,GAMMA,Healthcare,42.81,43.69,41.27,42.14,42.14,1295153
2023-08-30,GAMMA,Healthcare,44.54,45.39,43.76,44.60,44.60,1875250
2023-11-08,BENCH,Benchmark,142.28,143.28,140.68,141.67,141.66,1702437
2024-01-25,GAMMA,Healthcare,40.64,41.33,39.67,40.35,40.35,1769301
2023-08-08,GAMMA,Healthcare,40.02,41.16,39.40,40.53,40.53,1524885
2024-10-15,OMEGA,Consumer,102.54,103.87,100.90,102.22,102.20,1689147
2024-01-18,OMEGA,Consumer,111.49,112.78,108.93,110.21,110.19,1540454
2024-08-08,GAMMA,Healthcare,57.45,58.26,56.19,56.99,56.98,1225717
2023-04-18,ALPHA,Technology,106.57,108.54,100.85,102.75,102.75,1892413
2024-11-25,GAMMA,Healthcare,59.35,61.95,58.62,61.20,61.19,1729426
2024-07-23,BENCH,Benchmark,152.10,153.52,150.41,151.83,151.80,1677098
2024-08-08,ALPHA,Technology,112.09,114.02,107.98,109.87,109.85,1606547
2023-10-17,BENCH,Benchmark,146.23,149.12,145.32,148.20,148.19,1871053
2023-03-27,ALPHA,Technology,107.45,109.92,104.86,107.33,107.33,1380552
2023-12-15,ALPHA,Technology,100.08,101.29,98.03,99.23,99.22,1393485
2024-03-18,BENCH,Benchmark,132.92,133.92,131.86,132.86,132.84,2274901
2024-11-05,BETA,Finance,68.21,69.03,67.48,68.30,68.28,1391975
2024-08-27,ALPHA,Technology,104.91,106.35,102.29,103.71,103.69,1885134
2023-11-16,BETA,Finance,79.17,80.50,78.15,79.47,79.47,1326115
2024-10-30,BENCH,Benchmark,155.81,157.49,153.87,155.55,155.52,1737879
2024-07-01,BENCH,Benchmark,159.09,161.35,157.57,159.83,159.80,1459561
2024-05-30,BENCH,Benchmark,154.03,157.03,152.23,155.22,155.19,1376565
2023-12-11,OMEGA,Consumer,100.57,103.09,99.86,102.36,102.36,1553424
2024-06-25,DELTA,Energy,92.51,95.81,90.45,93.72,93.71,1319226
2024-04-04,BENCH,Benchmark,143.19,144.16,141.57,142.54,142.52,1485586
2023-02-13,GAMMA,Healthcare,41.81,42.36,40.95,41.51,41.51,1768105
2023-11-24,ALPHA,Technology,101.79,102.40,96.92,97.51,97.50,1511989
2023-11-28,DELTA,Energy,65.62,68.02,64.46,66.84,66.83,1155921
2024-04-22,BETA,Finance,71.37,72.30,69.74,70.66,70.65,1344032
2024-06-21,GAMMA,Healthcare,53.87,54.61,53.12,53.86,53.85,1321745
2024-02-19,BENCH,Benchmark,126.32,128.41,125.32,127.39,127.38,1877228
2023-04-04,ALPHA,Technology,111.32,112.21,110.37,111.27,111.26,1342375
2023-10-16,BETA,Finance,84.14,85.05,81.83,82.73,82.72,1641933
2023-10-18,BENCH,Benchmark,148.47,149.61,146.33,147.46,147.45,2021443
2023-03-08,ALPHA,Technology,102.49,104.02,99.87,101.37,101.37,1340350
2024-05-22,GAMMA,Healthcare,46.20,47.87,45.60,47.25,47.25,1560390
2023-01-20,BENCH,Benchmark,105.01,105.79,103.37,104.13,104.13,2529462
2024-11-27,GAMMA,Healthcare,62.02,63.27,61.21,62.45,62.44,1576475
2024-04-19,GAMMA,Healthcare,44.18,44.73,43.03,43.57,43.56,1416623
2023-04-18,OMEGA,Consumer,83.32,84.41,80.90,81.97,81.96,2100687
2024-08-14,DELTA,Energy,84.74,85.74,83.18,84.17,84.16,1694453
2023-01-17,GAMMA,Healthcare,42.13,42.51,40.92,41.29,41.29,2204281
2024-05-29,ALPHA,Technology,135.24,137.44,132.22,134.40,134.38,1685347
2024-05-28,DELTA,Energy,82.19,84.73,80.88,83.41,83.40,1225014
2023-08-01,BENCH,Benchmark,106.63,108.83,105.68,107.86,107.85,1395682
2023-08-21,BENCH,Benchmark,118.26,119.99,117.12,118.84,118.83,1379939
2023-01-12,BENCH,Benchmark,101.21,101.70,100.78,101.26,101.26,1674654
2024-11-19,ALPHA,Technology,118.68,124.49,116.22,121.96,121.94,1460232
2023-09-27,GAMMA,Healthcare,46.07,47.94,45.44,47.29,47.28,1574275
2023-09-26,GAMMA,Healthcare,45.73,46.18,45.59,46.04,46.03,1220629
2024-02-23,BETA,Finance,69.53,70.26,67.24,67.95,67.94,1567375
2023-12-01,ALPHA,Technology,99.75,101.10,97.38,98.71,98.70,1979984
2024-07-24,BENCH,Benchmark,152.38,153.16,149.89,150.67,150.64,1620416
2024-06-03,BENCH,Benchmark,156.83,158.09,155.80,157.06,157.04,1377038
2023-09-04,GAMMA,Healthcare,44.72,47.31,44.03,46.59,46.59,1318861
2024-05-20,BENCH,Benchmark,149.73,151.93,148.29,150.49,150.46,1336442
2023-07-24,DELTA,Energy,62.40,63.47,60.02,61.08,61.07,2079336
2023-01-16,BENCH,Benchmark,101.90,103.19,100.87,102.16,102.16,1481440
2023-09-29,DELTA,Energy,74.27,75.59,72.63,73.95,73.95,1541868
2023-12-11,BENCH,Benchmark,141.09,142.24,139.85,141.00,140.99,1473593
2024-07-12,GAMMA,Healthcare,56.12,58.67,55.40,57.94,57.93,1668013
2024-12-10,DELTA,Energy,96.95,99.74,94.49,97.27,97.25,1237287
2023-04-04,OMEGA,Consumer,84.92,85.85,84.11,85.03,85.03,1544323
2024-09-25,OMEGA,Consumer,99.09,100.52,95.54,96.95,96.93,1776992
2023-02-22,BETA,Finance,67.38,67.88,65.25,65.73,65.73,1543266
2023-09-01,BENCH,Benchmark,126.76,128.71,125.79,127.73,127.72,1506540
2024-10-22,GAMMA,Healthcare,54.38,55.41,54.05,55.07,55.06,1393598
2023-02-03,GAMMA,Healthcare,40.47,41.72,39.95,41.19,41.19,1386935
2024-01-31,ALPHA,Technology,102.08,103.35,98.18,99.43,99.42,1458606
2024-04-29,BETA,Finance,71.10,72.03,69.77,70.69,70.68,1242157
2024-01-17,BENCH,Benchmark,130.37,131.62,128.65,129.90,129.89,2366338
2024-02-23,BENCH,Benchmark,129.20,130.51,126.52,127.81,127.80,1462894
2024-12-13,ALPHA,Technology,120.51,123.54,118.95,121.97,121.94,1771270
2024-09-06,BENCH,Benchmark,137.96,140.15,136.14,138.32,138.30,1340983
2023-01-13,BETA,Finance,62.07,63.51,61.67,63.11,63.11,1183200
2024-05-01,ALPHA,Technology,120.66,122.31,118.09,119.73,119.71,1479223
2024-04-09,GAMMA,Healthcare,42.28,42.88,41.04,41.63,41.63,1627100
2024-02-13,OMEGA,Consumer,109.88,111.72,107.75,109.58,109.57,1200688
2024-08-08,OMEGA,Consumer,112.59,114.31,110.66,112.37,112.35,1683624
2024-08-30,BENCH,Benchmark,135.95,137.87,134.43,136.35,136.32,1770651
2023-04-27,ALPHA,Technology,108.45,110.35,105.51,107.40,107.39,1625743
2023-04-12,OMEGA,Consumer,83.98,84.56,83.53,84.11,84.11,1381790
2024-03-25,GAMMA,Healthcare,41.20,42.11,40.53,41.44,41.43,1451523
2024-11-18,BETA,Finance,67.82,69.66,66.83,68.66,68.65,1686274
2024-06-18,BETA,Finance,67.85,68.40,67.16,67.71,67.70,1667727
2024-01-26,ALPHA,Technology,105.43,106.76,103.65,104.98,104.96,2535721
2023-03-21,BENCH,Benchmark,124.15,126.37,123.25,125.46,125.46,1369899
2023-10-06,GAMMA,Healthcare,48.11,48.87,47.47,48.22,48.22,1552219
2024-12-12,BENCH,Benchmark,171.14,174.30,169.81,172.95,172.91,1509998
2024-03-28,GAMMA,Healthcare,43.02,43.63,42.15,42.75,42.75,1535509
2024-07-01,ALPHA,Technology,143.43,145.96,138.17,140.65,140.63,1739778
2024-09-27,BETA,Finance,58.04,58.62,57.32,57.90,57.89,1393317
2024-02-09,BENCH,Benchmark,125.92,127.64,124.61,126.33,126.31,1453117
2024-04-01,ALPHA,Technology,103.80,109.06,101.53,106.73,106.71,1470852
2023-02-07,OMEGA,Consumer,66.80,67.75,65.70,66.65,66.65,1930778
2024-08-08,DELTA,Energy,91.64,94.01,87.58,89.91,89.89,1186011
2023-03-06,BENCH,Benchmark,113.67,115.08,112.75,114.15,114.15,1339421
2023-08-16,BETA,Finance,61.43,62.13,60.52,61.21,61.20,1295454
2024-04-30,ALPHA,Technology,117.66,121.51,116.29,120.11,120.09,1367074
2024-07-29,BENCH,Benchmark,149.03,150.24,146.90,148.11,148.08,1798259
2023-08-28,GAMMA,Healthcare,44.49,45.17,43.00,43.67,43.67,1384542
2024-02-28,BETA,Finance,66.27,66.87,65.20,65.79,65.78,1624720
2023-12-19,BENCH,Benchmark,139.52,140.88,137.22,138.58,138.57,2405770
2023-10-02,ALPHA,Technology,102.31,108.10,100.86,106.59,106.58,2046286
2023-10-26,BETA,Finance,80.76,81.82,77.72,78.75,78.74,1323675
2024-03-20,GAMMA,Healthcare,41.13,41.46,40.15,40.48,40.47,1818864
2024-09-17,DELTA,Energy,70.34,71.57,69.54,70.77,70.75,1262126
2024-06-28,GAMMA,Healthcare,53.63,54.71,52.72,53.80,53.79,1706646
2023-10-04,GAMMA,Healthcare,47.63,49.43,47.20,48.98,48.98,1597481
2024-06-27,GAMMA,Healthcare,54.95,55.67,53.43,54.14,54.13,1458133
2024-03-22,BENCH,Benchmark,134.21,136.23,132.76,134.77,134.75,1488756
2023-03-29,BETA,Finance,82.93,83.66,81.35,82.08,82.08,1338327
2023-02-01,ALPHA,Technology,92.57,94.53,90.22,92.17,92.17,1622927
2024-10-28,GAMMA,Healthcare,58.05,59.26,57.43,58.63,58.62,1587722
2024-11-29,GAMMA,Healthcare,62.66,63.87,61.83,63.03,63.02,1241048
2024-10-09,OMEGA,Consumer,102.14,104.39,100.67,102.91,102.88,1201893
2024-08-15,OMEGA,Consumer,107.98,111.78,107.08,110.86,110.84,1421185
2024-08-15,DELTA,Energy,84.18,85.81,82.43,84.06,84.04,1202394
2023-09-01,OMEGA,Consumer,89.83,90.74,86.06,86.95,86.94,1560551
2024-07-11,ALPHA,Technology,144.90,147.34,140.91,143.32,143.30,1672663
2024-10-29,BENCH,Benchmark,155.79,156.70,155.34,156.25,156.22,1486529
2023-08-11,BENCH,Benchmark,114.58,115.41,114.23,115.06,115.05,1584325
2023-11-29,ALPHA,Technology,99.91,102.31,98.17,100.55,100.55,1549885
2024-12-19,BENCH,Benchmark,172.58,173.82,169.41,170.64,170.60,1408896
2023-04-06,OMEGA,Consumer,85.28,86.04,83.19,83.93,83.93,1661409
2024-05-01,BETA,Finance,70.83,71.83,69.50,70.50,70.49,1409654
2023-12-14,BENCH,Benchmark,141.08,142.50,139.88,141.29,141.28,1398618
2023-01-19,OMEGA,Consumer,70.46,71.77,69.75,71.05,71.05,1208772
2024-10-17,BETA,Finance,61.55,62.93,60.79,62.17,62.15,1462989
2024-10-07,BENCH,Benchmark,143.04,146.14,141.48,144.56,144.53,1564707
2024-07-10,OMEGA,Consumer,120.67,122.30,117.17,118.78,118.76,1543465
2024-10-22,BENCH,Benchmark,150.39,151.98,148.70,150.29,150.26,1628729
2024-04-29,DELTA,Energy,72.96,76.01,71.97,74.99,74.98,1447409
2023-08-08,DELTA,Energy,63.48,64.68,62.35,63.55,63.55,1144718
2024-06-18,ALPHA,Technology,139.22,143.19,136.80,140.74,140.71,1801390
2024-04-29,OMEGA,Consumer,106.97,108.25,105.52,106.79,106.78,1193931
2024-07-16,BENCH,Benchmark,154.95,156.70,153.78,155.52,155.50,1432025
2024-12-18,OMEGA,Consumer,107.81,109.75,105.82,107.75,107.73,1337638
2024-03-15,GAMMA,Healthcare,42.53,43.16,41.04,41.67,41.66,1459653
2024-03-22,ALPHA,Technology,100.80,102.36,99.67,101.23,101.21,1795112
2024-07-31,DELTA,Energy,104.85,106.21,101.16,102.48,102.46,1235280
2023-07-11,OMEGA,Consumer,74.31,77.22,73.16,76.05,76.04,1556376
2024-10-30,BETA,Finance,67.87,68.97,67.20,68.30,68.29,1268347
2023-11-01,BENCH,Benchmark,142.39,144.15,140.30,142.05,142.04,1801990
2023-12-27,ALPHA,Technology,101.97,104.91,100.05,102.97,102.96,1488604
2023-01-27,OMEGA,Consumer,70.68,71.63,69.29,70.23,70.23,1275014
2024-02-07,GAMMA,Healthcare,41.57,42.01,40.71,41.16,41.15,1616019
2024-05-10,DELTA,Energy,78.78,81.01,77.73,79.94,79.93,1459562
2024-07-12,BETA,Finance,67.54,68.61,66.60,67.68,67.67,1443618
2023-08-28,ALPHA,Technology,91.63,95.92,89.28,93.52,93.51,1655136
2024-11-22,GAMMA,Healthcare,59.10,59.76,58.31,58.97,58.96,1711471
2023-01-30,BENCH,Benchmark,103.25,103.95,101.08,101.78,101.78,1434693
2024-04-02,GAMMA,Healthcare,42.19,42.40,41.62,41.83,41.82,1666057
2024-07-30,BENCH,Benchmark,148.31,149.34,146.03,147.05,147.02,1569237
2023-06-23,ALPHA,Technology,83.09,85.24,82.08,84.22,84.22,1358815
2024-01-29,BENCH,Benchmark,126.67,128.47,123.78,125.56,125.55,1894835
2024-11-28,BETA,Finance,70.74,71.66,69.25,70.16,70.15,1367781
2024-07-04,DELTA,Energy,96.09,97.91,90.57,92.32,92.30,1187248
2024-12-18,BENCH,Benchmark,172.83,173.83,171.31,172.31,172.27,1602275
2023-03-15,DELTA,Energy,68.42,71.07,66.71,69.33,69.33,1237941
2024-07-16,BETA,Finance,67.85,68.50,66.15,66.79,66.78,1614909
2023-10-31,ALPHA,Technology,104.88,106.27,101.16,102.51,102.50,1671447
2023-02-09,BENCH,Benchmark,104.06,105.14,102.85,103.93,103.93,1517567
2024-06-24,ALPHA,Technology,139.52,140.80,135.94,137.20,137.18,1451454
2024-02-05,BENCH,Benchmark,122.68,124.17,121.33,122.83,122.81,1945122
2024-01-04,BETA,Finance,80.49,82.08,79.18,80.77,80.76,1421875
2023-12-26,BETA,Finance,77.59,78.30,75.71,76.40,76.39,1350092
2024-11-22,BENCH,Benchmark,167.15,170.48,165.69,169.00,168.97,1518268
2024-07-09,OMEGA,Consumer,120.26,123.05,117.96,120.75,120.73,1227581
2024-10-18,GAMMA,Healthcare,54.99,55.79,54.58,55.38,55.37,1991988
2023-08-23,BETA,Finance,62.68,63.55,61.64,62.50,62.50,1490865
2024-01-09,DELTA,Energy,69.72,71.28,67.51,69.05,69.04,1621868
2024-03-27,BENCH,Benchmark,135.52,138.85,134.48,137.79,137.77,2076350
2024-07-08,OMEGA,Consumer,123.80,125.28,118.73,120.16,120.14,1663832
2023-01-13,OMEGA,Consumer,69.53,70.13,68.32,68.92,68.92,1671223
2023-09-01,BETA,Finance,67.96,70.03,67.38,69.43,69.43,2141050
2023-02-16,BENCH,Benchmark,106.52,107.47,104.89,105.84,105.84,1612182
2024-10-09,ALPHA,Technology,105.42,107.17,102.58,104.31,104.29,1644002
2023-07-07,GAMMA,Healthcare,42.17,42.83,41.39,42.05,42.04,2053573
2024-06-17,ALPHA,Technology,143.50,145.65,138.03,140.13,140.11,1619337
2023-05-25,GAMMA,Healthcare,44.78,45.19,42.98,43.39,43.39,1235743
2023-12-13,BETA,Finance,76.89,78.71,76.11,77.92,77.91,1338375
2023-08-17,BENCH,Benchmark,117.75,119.13,115.75,117.12,117.11,1361339
2024-08-29,DELTA,Energy,78.23,79.16,76.39,77.31,77.29,1687645
2024-11-20,ALPHA,Technology,121.08,124.84,118.72,122.45,122.43,1387807
2023-07-20,BETA,Finance,59.42,59.93,58.91,59.42,59.42,1733668
2024-01-19,BENCH,Benchmark,129.00,129.88,127.80,128.69,128.67,1839370
2023-09-18,BENCH,Benchmark,139.66,141.96,138.07,140.36,140.35,1362062
2024-02-23,ALPHA,Technology,97.18,98.40,94.35,95.55,95.54,1298295
2024-07-17,GAMMA,Healthcare,56.59,57.05,55.51,55.96,55.95,1784482
2024-12-06,GAMMA,Healthcare,61.55,63.67,60.32,62.41,62.40,1554764
2023-05-22,BETA,Finance,89.90,91.53,87.00,88.60,88.60,1160006
2023-06-06,BENCH,Benchmark,122.36,123.06,120.20,120.88,120.88,1759339
2023-06-19,DELTA,Energy,71.89,73.13,67.91,69.11,69.11,1442561
2024-12-13,OMEGA,Consumer,112.54,114.24,110.95,112.64,112.61,1573766
2023-11-23,BETA,Finance,79.37,80.27,78.74,79.63,79.62,1271652
2024-07-25,ALPHA,Technology,123.80,127.19,121.70,125.07,125.04,1747270
2024-11-11,ALPHA,Technology,109.99,112.62,107.36,109.99,109.96,1281222
2024-10-01,DELTA,Energy,78.96,80.35,77.80,79.19,79.17,1580615
2024-01-31,BETA,Finance,74.17,74.97,72.46,73.25,73.25,1565929
2024-12-06,ALPHA,Technology,124.36,126.00,120.84,122.45,122.43,1453473
2024-01-04,ALPHA,Technology,103.88,106.71,102.45,105.26,105.25,1617065
2023-08-07,DELTA,Energy,63.06,64.48,61.98,63.40,63.39,1644508
2024-12-12,ALPHA,Technology,120.01,123.45,117.93,121.35,121.32,2148718
2024-04-23,GAMMA,Healthcare,43.83,44.85,43.16,44.18,44.17,1408430
2023-10-04,ALPHA,Technology,106.87,107.60,105.12,105.84,105.83,1301768
2023-12-20,DELTA,Energy,70.49,71.71,68.19,69.40,69.39,1704034
2023-02-01,OMEGA,Consumer,68.19,69.10,67.45,68.36,68.36,1365628
2023-08-18,ALPHA,Technology,86.12,87.28,84.10,85.25,85.25,1707862
2024-12-06,DELTA,Energy,95.14,96.95,94.05,95.85,95.83,1141470
2023-11-09,BETA,Finance,77.44,78.94,76.53,78.02,78.01,1688591
2023-09-01, ALPHA ,Technology,94.54,95.87,93.38,94.71,94.70,2312013
2024-03-13,BENCH,Benchmark,130.09,131.86,129.08,130.85,130.84,1980781
2024-03-15,OMEGA,Consumer,109.58,110.82,106.57,107.79,107.78,1237019
2024-05-17,ALPHA,Technology,121.94,124.04,117.38,119.43,119.41,1779252
2024-10-02,DELTA,Energy,79.18,80.80,76.46,78.05,78.04,1332037
2023-09-25,GAMMA,Healthcare,45.22,45.98,44.74,45.49,45.49,1541426
2023-11-30,BETA,Finance,77.68,78.55,76.26,77.12,77.12,1901526
2023-01-16,ALPHA,Technology,90.38,91.75,86.53,87.87,87.87,1442497
2024-08-30,BETA,Finance,56.24,57.97,55.51,57.23,57.22,1185967
2023-10-09,OMEGA,Consumer,100.72,103.41,99.24,101.92,101.91,1215856
2023-11-08,OMEGA,Consumer,101.63,102.25,98.77,99.38,99.37,1558414
2024-01-25,ALPHA,Technology,106.74,107.69,103.90,104.84,104.82,1641212
2023-05-05,OMEGA,Consumer,80.09,81.26,78.38,79.55,79.55,1864036
2023-01-04,OMEGA,Consumer,70.18,72.08,68.96,70.85,70.85,1950874
2023-02-03,BETA,Finance,61.97,63.18,61.28,62.49,62.49,1444813
2024-04-24,BENCH,Benchmark,143.07,144.15,142.20,143.28,143.26,1356799
2024-12-26,OMEGA,Consumer,106.25,108.72,104.50,106.96,106.93,1688182
2024-01-18,DELTA,Energy,69.71,71.51,68.09,69.89,69.88,1193752
2024-05-03,BENCH,Benchmark,143.90,145.00,142.99,144.08,144.06,1358509
2024-12-18,ALPHA,Technology,123.91,129.38,122.40,127.83,127.80,1514949
2024-12-06,OMEGA,Consumer,113.50,114.94,110.90,112.32,112.30,1741872
2024-11-29,DELTA,Energy,94.80,98.11,92.77,96.05,96.03,1315309
2024-10-14,GAMMA,Healthcare,51.37,53.53,50.46,52.59,52.58,1440001
2023-11-21,BENCH,Benchmark,141.06,142.50,138.95,140.38,140.37,1408125
2023-08-15,BETA,Finance,61.79,62.46,60.67,61.33,61.33,1293135
2024-11-29,BETA,Finance,70.78,72.06,68.88,70.15,70.14,1409581
2024-06-05,DELTA,Energy,87.59,93.66,85.57,91.55,91.54,1365398
2024-07-01,GAMMA,Healthcare,54.03,55.94,53.11,55.00,54.99,1321363
2023-01-12,ALPHA,Technology,85.41,87.53,84.32,86.43,86.43,1290200
2024-02-29,GAMMA,Healthcare,42.29,42.87,41.62,42.19,42.19,1696500
2024-08-28,GAMMA,Healthcare,53.24,53.77,51.70,52.22,52.21,1663893
2024-06-24,BENCH,Benchmark,157.15,159.07,155.09,157.01,156.98,2035252
2023-01-10,DELTA,Energy,59.61,60.57,57.94,58.88,58.88,1308277
2024-05-24,BETA,Finance,67.06,67.64,64.86,65.43,65.42,1553319
2024-09-03,BETA,Finance,56.30,56.93,55.49,56.11,56.10,1221668
2023-03-29,GAMMA,Healthcare,49.06,49.60,47.57,48.10,48.10,1292122
2023-02-27,BETA,Finance,68.02,68.61,66.53,67.11,67.11,1430257
2023-10-12,DELTA,Energy,83.09,84.41,77.62,78.88,78.88,1377142
2024-05-08,DELTA,Energy,79.14,82.00,78.04,80.87,80.86,1393872
2024-12-30,BETA,Finance,78.87,79.91,77.91,78.95,78.93,2025339
2024-11-12,ALPHA,Technology,110.27,115.10,109.03,113.82,113.80,1339069
2023-03-03,ALPHA,Technology,99.94,101.97,99.07,101.09,101.09,1562566
2024-02-29,OMEGA,Consumer,106.93,107.95,104.32,105.32,105.31,1771696
2024-02-27,OMEGA,Consumer,110.48,112.04,106.66,108.18,108.17,1407127
2023-09-21,OMEGA,Consumer,98.95,99.90,97.97,98.93,98.93,1485856
2024-11-11,OMEGA,Consumer,107.07,108.13,105.38,106.43,106.41,1970701
2024-04-17,DELTA,Energy,67.99,69.41,66.92,68.34,68.32,1508702
2023-12-14,OMEGA,Consumer,100.65,102.01,97.50,98.84,98.83,2310426
2023-04-07,BENCH,Benchmark,130.96,131.94,130.05,131.03,131.03,1365120
2023-12-04,DELTA,Energy,66.68,69.20,66.08,68.59,68.59,1167815
2024-02-12,BETA,Finance,73.62,74.53,71.40,72.29,72.28,1169007
2023-07-05,DELTA,Energy,64.96,66.97,63.51,65.51,65.50,1707570
2024-02-16,OMEGA,Consumer,110.64,113.32,109.62,112.29,112.27,1407082
2023-11-15,OMEGA,Consumer,100.00,101.73,95.81,97.50,97.49,2062383
2023-06-09,ALPHA,Technology,89.57,91.51,88.15,90.09,90.09,1286126
2024-08-22,BENCH,Benchmark,134.26,136.92,133.17,135.82,135.79,1499521
2023-03-28,GAMMA,Healthcare,49.02,49.84,48.43,49.25,49.25,1983701
2023-12-13,DELTA,Energy,69.35,73.88,68.30,72.78,72.77,2030311
2024-10-25,GAMMA,Healthcare,56.65,58.10,56.27,57.71,57.70,1831137
2023-04-10,BENCH,Benchmark,131.24,132.11,129.98,130.85,130.84,1989928
2024-06-17,OMEGA,Consumer,122.60,126.38,121.03,124.78,124.75,1529304
2024-04-08,GAMMA,Healthcare,42.62,43.32,41.57,42.26,42.25,1316376
2024-11-01,DELTA,Energy,89.85,91.48,87.87,89.50,89.48,1236557
2023-03-31,BETA,Finance,83.66,86.47,83.02,85.82,85.81,1576882
2024-01-25,BENCH,Benchmark,126.40,127.46,124.53,125.57,125.56,2005940
2024-10-09,BETA,Finance,60.53,60.77,60.30,60.53,60.52,1466234
2024-08-20,BETA,Finance,58.62,59.09,57.93,58.40,58.39,1900800
2023-01-20,GAMMA,Healthcare,40.80,41.38,40.00,40.58,40.58,1565993
2023-10-30,DELTA,Energy,72.40,74.89,71.28,73.75,73.74,1381856
2023-03-31,BENCH,Benchmark,131.00,131.85,130.74,131.59,131.58,1485832
2024-01-23,BETA,Finance,73.78,74.65,72.03,72.88,72.88,1296668
2023-01-12,GAMMA,Healthcare,42.55,42.81,41.20,41.46,41.46,1484344
2023-11-20,DELTA,Energy,68.94,70.07,67.36,68.49,68.48,1663022
2024-08-30,OMEGA,Consumer,103.96,104.90,102.60,103.54,103.52,1484358
2023-03-24,BENCH,Benchmark,126.64,130.63,125.35,129.31,129.31,1575296
2023-03-03,OMEGA,Consumer,75.09,76.39,72.97,74.26,74.26,1577330
2024-08-07,BETA,Finance,59.25,59.72,58.00,58.46,58.45,1161555
2023-06-16,ALPHA,Technology,86.20,87.89,83.36,85.03,85.03,1785839
2024-07-05,BENCH,Benchmark,158.60,159.92,156.54,157.85,157.83,1686450
2024-01-03,ALPHA,Technology,105.52,106.58,103.77,104.84,104.82,2184970
2024-07-17,OMEGA,Consumer,114.29,115.33,112.84,113.88,113.86,1349708
2024-08-23,OMEGA,Consumer,107.55,109.30,103.20,104.91,104.89,1528428
2023-07-14,BENCH,Benchmark,108.62,109.57,107.54,108.49,108.48,2069495
2023-08-28,OMEGA,Consumer,88.67,89.72,87.54,88.59,88.59,1327323
2023-01-25,ALPHA,Technology,95.44,96.33,94.38,95.28,95.28,1709806
2023-10-17,OMEGA,Consumer,103.15,106.49,102.27,105.58,105.57,1702755
2024-09-25,ALPHA,Technology,100.60,104.03,98.41,101.81,101.79,1479737
2023-04-25,GAMMA,Healthcare,50.73,51.35,49.85,50.47,50.47,1821067
2023-09-27,ALPHA,Technology,108.65,109.83,105.55,106.72,106.71,2299365
2024-09-04,BETA,Finance,55.87,56.86,54.80,55.79,55.78,1171759
2024-08-05,BENCH,Benchmark,145.85,146.82,142.90,143.86,143.83,1620822
2023-06-23,GAMMA,Healthcare,40.47,41.42,40.01,40.95,40.95,1704866
2023-11-22,OMEGA,Consumer,98.47,98.99,97.75,98.26,98.25,1221957
2023-07-31,GAMMA,Healthcare,38.74,39.27,37.40,37.92,37.91,2218934
2024-11-08,DELTA,Energy,95.16,96.69,92.54,94.05,94.03,1613966
2024-10-17,BENCH,Benchmark,148.42,151.88,146.88,150.33,150.29,1415464
2023-01-04,GAMMA,Healthcare,41.89,42.30,40.52,40.92,40.92,1409898
2024-06-13,BENCH,Benchmark,157.18,159.43,155.67,157.91,157.89,1678385
2024-07-29,OMEGA,Consumer,113.01,115.27,111.50,113.75,113.73,1321519
2023-06-16,BENCH,Benchmark,117.67,118.35,116.51,117.18,117.18,1734053
2024-12-09,BETA,Finance,70.62,71.07,69.74,70.18,70.16,2171630
2024-08-12,BETA,Finance,56.90,58.60,56.35,58.05,58.04,1536257
2023-02-23,ALPHA,Technology,90.42,95.22,89.01,93.76,93.76,1780813
2024-04-18,ALPHA,Technology,106.74,111.84,105.14,110.19,110.17,1543104
2023-12-14,BETA,Finance,78.19,79.16,74.99,75.93,75.93,1353458
2024-09-16,BETA,Finance,55.46,56.18,54.42,55.13,55.12,1577500
2024-02-15,OMEGA,Consumer,111.55,112.50,110.01,110.96,110.95,1284219
2023-03-02,DELTA,Energy,61.27,62.54,59.68,60.94,60.94,1518399
2024-11-26,DELTA,Energy,96.81,98.55,92.99,94.68,94.66,1181493
2023-10-18,OMEGA,Consumer,105.67,106.80,103.58,104.70,104.69,1829349
2024-08-28,OMEGA,Consumer,103.63,107.11,102.03,105.49,105.47,1463367
2024-02-15,ALPHA,Technology,100.10,101.28,97.36,98.52,98.51,1519801
2023-07-28,ALPHA,Technology,77.63,78.35,77.06,77.79,77.78,1671593
2024-12-17,DELTA,Energy,96.33,100.49,93.73,97.85,97.82,1453053
2024-09-02,GAMMA,Healthcare,51.70,52.56,50.31,51.16,51.15,1820412
2023-07-17,BETA,Finance,56.88,58.03,56.26,57.41,57.41,1425649
2023-12-22,BETA,Finance,75.56,77.35,75.08,76.87,76.86,1213831
2023-03-15,GAMMA,Healthcare,42.19,43.12,41.46,42.39,42.39,1700897
2023-12-04,BETA,Finance,75.92,76.73,75.33,76.14,76.13,1486398
2024-12-20,GAMMA,Healthcare,63.66,66.13,62.84,65.28,65.27,1955254
2024-09-20,ALPHA,Technology,107.57,109.79,104.24,106.43,106.41,1303499
2024-09-23,BETA,Finance,55.72,56.21,54.70,55.19,55.18,1537580
2023-06-27,DELTA,Energy,68.62,69.73,67.51,68.62,68.62,1754914
2023-05-29,OMEGA,Consumer,81.22,82.31,78.51,79.58,79.58,1504668
2023-06-26,ALPHA,Technology,83.48,86.44,82.23,85.16,85.16,1532683
2024-02-23,GAMMA,Healthcare,43.73,44.07,42.93,43.27,43.26,1690907
2024-05-13,ALPHA,Technology,118.75,123.35,117.05,121.61,121.59,1896094
2023-03-29,BENCH,Benchmark,129.69,130.65,127.87,128.83,128.83,1985139
2024-09-18,BETA,Finance,55.88,57.08,55.12,56.32,56.31,1275604
2023-08-24,BENCH,Benchmark,120.63,121.87,119.73,120.96,120.96,1411463
2023-10-17,DELTA,Energy,77.86,79.69,75.14,76.95,76.95,1482647
2023-05-10,OMEGA,Consumer,79.31,81.95,78.29,80.91,80.91,1485391
2024-02-21,ALPHA,Technology,97.12,98.51,95.43,96.81,96.80,2220932
2023-03-08,OMEGA,Consumer,71.85,73.42,70.97,72.53,72.53,1745568
2024-05-02,ALPHA,Technology,119.12,121.27,116.44,118.58,118.56,1921949
2024-02-28,OMEGA,Consumer,108.07,109.22,106.22,107.36,107.34,1313587
2023-07-13,DELTA,Energy,66.89,67.84,63.31,64.22,64.21,1392786
2023-12-15,OMEGA,Consumer,98.48,99.71,96.57,97.79,97.78,1243869
2023-02-09,OMEGA,Consumer,67.14,67.88,65.92,66.65,66.65,1298893
2023-01-31,OMEGA,Consumer,69.30,70.18,67.14,68.00,68.00,1751321
2023-01-25,BETA,Finance,63.07,65.23,62.21,64.35,64.35,1206831
2024-02-09,OMEGA,Consumer,111.14,112.94,106.26,108.00,107.99,1243037
2024-12-30,GAMMA,Healthcare,65.05,65.98,63.69,64.62,64.60,1247884
2023-12-27,BETA,Finance,76.83,78.59,76.10,77.84,77.83,1384842
2023-01-23,OMEGA,Consumer,71.81,73.49,71.20,72.88,72.88,1681065
2023-06-30,ALPHA,Technology,80.59,81.66,79.20,80.26,80.26,1641740
2023-11-27,BENCH,Benchmark,137.37,138.58,134.55,135.75,135.74,1851229
2023-05-03,DELTA,Energy,87.01,88.90,82.81,84.65,84.65,1605046
2024-08-07,OMEGA,Consumer,116.76,118.14,111.98,113.33,113.30,1290786
2023-09-28,BETA,Finance,79.32,80.62,78.55,79.84,79.83,1461301
2024-10-07,GAMMA,Healthcare,51.56,52.39,49.95,50.77,50.76,1806251
2024-06-18,BENCH,Benchmark,159.16,160.98,157.91,159.73,159.70,1781096
2023-06-01,OMEGA,Consumer,75.99,76.82,75.03,75.85,75.85,1545018
2023-02-22,DELTA,Energy,63.66,64.75,62.21,63.30,63.30,1202187
2023-05-23,BETA,Finance,88.16,89.00,86.35,87.18,87.18,1201035
2024-05-17,DELTA,Energy,79.49,80.66,75.88,77.02,77.01,1139483
2023-08-10,BENCH,Benchmark,112.72,115.20,111.98,114.44,114.44,1409634
2023-09-20,BETA,Finance,81.19,82.14,79.53,80.46,80.46,1353371
2023-12-22,ALPHA,Technology,100.44,102.93,98.82,101.29,101.28,1474810
2023-07-11,GAMMA,Healthcare,41.70,43.11,41.34,42.73,42.73,1650893
2024-04-15,GAMMA,Healthcare,42.43,44.06,42.00,43.61,43.61,1632258
2024-01-26,BENCH,Benchmark,125.28,127.35,124.08,126.15,126.13,1882167
2023-10-03,BENCH,Benchmark,139.12,140.14,137.71,138.74,138.72,1469595
2024-05-17,OMEGA,Consumer,118.11,119.84,114.08,115.77,115.75,1439881
2023-10-09,BENCH,Benchmark,143.35,144.74,141.98,143.37,143.36,1965908
2024-01-19,GAMMA,Healthcare,41.56,42.42,40.97,41.83,41.83,1598012
2023-07-20,BENCH,Benchmark,108.26,109.82,107.61,109.16,109.16,1373705
2024-12-24,GAMMA,Healthcare,64.54,66.02,63.72,65.19,65.18,1376894
2024-07-19,BENCH,Benchmark,154.75,155.81,152.48,153.53,153.51,1471157
2023-12-08,GAMMA,Healthcare,47.13,47.91,46.49,47.27,47.27,1643684
2023-09-04,BETA,Finance,69.44,70.41,68.66,69.63,69.63,1653827
2023-09-11,ALPHA,Technology,100.51,103.78,99.00,102.24,102.24,1602939
2024-06-18,DELTA,Energy,91.01,93.65,89.49,92.11,92.09,1210816
2024-01-29,OMEGA,Consumer,108.77,111.33,107.25,109.80,109.78,1479513
2023-11-01,BETA,Finance,78.85,80.39,77.91,79.44,79.44,1454060
2023-10-10,OMEGA,Consumer,102.12,104.63,100.99,103.48,103.47,1453815
2024-08-05,DELTA,Energy,98.35,99.81,94.76,96.19,96.17,1175417
2023-09-08,BENCH,Benchmark,130.80,132.37,129.85,131.42,131.41,1580021
2024-01-12,DELTA,Energy,66.39,67.78,65.77,67.15,67.14,1677428
2023-08-17,OMEGA,Consumer,86.77,87.64,84.64,85.50,85.49,1520753
2024-07-10,ALPHA,Technology,150.26,153.08,142.51,145.23,145.20,2336505
2024-08-29,OMEGA,Consumer,105.11,106.22,103.27,104.38,104.36,1753827
2023-12-07,BENCH,Benchmark,139.75,141.04,139.09,140.38,140.36,1457564
2023-05-25,DELTA,Energy,79.07,80.80,74.48,76.16,76.16,1226712
2024-05-16,ALPHA,Technology,117.81,121.59,116.89,120.64,120.63,1855530
2023-08-24,ALPHA,Technology,88.32,92.05,86.93,90.62,90.62,1441959
2024-12-02,OMEGA,Consumer,109.60,112.17,108.29,110.84,110.82,1221864
2023-12-21,OMEGA,Consumer,97.30,99.48,96.25,98.41,98.40,1190238
2023-11-14,BETA,Finance,77.85,79.41,77.08,78.63,78.63,1377416
2023-09-19,GAMMA,Healthcare,46.16,46.80,45.44,46.07,46.07,1335926
2023-08-11,BETA,Finance,60.63,62.47,59.86,61.68,61.67,1679205
2024-09-12,BENCH,Benchmark,138.96,140.25,135.20,136.47,136.44,1625818
2024-04-19,BENCH,Benchmark,141.93,144.15,140.77,142.98,142.96,1560221
2023-06-07,OMEGA,Consumer,76.33,77.59,75.22,76.48,76.48,1474534
2023-12-07,BETA,Finance,77.90,80.03,77.44,79.56,79.55,1290181
2024-10-08,GAMMA,Healthcare,50.78,51.61,50.18,51.00,50.99,1296600
2023-06-29,OMEGA,Consumer,74.43,75.19,73.83,74.59,74.59,1253635
2024-04-26,BENCH,Benchmark,143.37,144.38,141.73,142.74,142.72,1372497
2024-03-07,ALPHA,Technology,91.42,93.23,88.28,90.06,90.05,1611139
2024-03-21,DELTA,Energy,71.06,73.57,70.22,72.71,72.70,1376397
2024-12-13,GAMMA,Healthcare,63.63,65.39,62.55,64.30,64.29,1324164
2023-04-06,BENCH,Benchmark,131.07,132.55,129.89,131.37,131.36,1539423
2024-04-17,OMEGA,Consumer,103.71,106.70,102.80,105.77,105.76,1502424
2024-06-28,BETA,Finance,67.89,69.76,67.37,69.23,69.22,1506991
2024-03-18,ALPHA,Technology,99.57,100.88,95.40,96.68,96.66,1801691
2024-03-13,BETA,Finance,68.20,70.10,67.45,69.34,69.34,1175832
2024-03-29,GAMMA,Healthcare,42.75,43.64,41.88,42.77,42.76,2048069
2023-11-22,GAMMA,Healthcare,43.35,45.67,42.95,45.25,45.25,1993608
2024-09-04,GAMMA,Healthcare,50.97,51.81,49.57,50.39,50.38,1896508
2023-05-03,BENCH,Benchmark,134.69,136.08,133.22,134.61,134.61,1644217
2024-10-02,BETA,Finance,58.09,59.09,57.28,58.27,58.26,1478096
2024-03-01,ALPHA,Technology,87.19,88.59,85.10,86.49,86.48,2351343
2024-11-12,DELTA,Energy,91.14,92.34,88.67,89.86,89.84,1876382
2024-08-14,BETA,Finance,57.91,58.72,57.22,58.03,58.02,1259968
2023-03-07,GAMMA,Healthcare,42.76,43.63,42.36,43.22,43.22,1676332
2024-04-09,DELTA,Energy,72.46,73.23,70.57,71.33,71.32,1467504
2023-02-20,BETA,Finance,67.38,67.97,66.10,66.69,66.69,1197183
2024-09-26,OMEGA,Consumer,97.27,99.54,95.76,98.02,98.00,1313142
2023-11-02,BETA,Finance,79.39,80.30,77.01,77.90,77.90,1179338
2023-05-26,ALPHA,Technology,101.42,102.88,97.82,99.25,99.25,1779968
2024-06-03,BETA,Finance,68.77,70.23,67.62,69.07,69.06,1348556
2023-12-08,BETA,Finance,79.75,80.39,78.39,79.03,79.02,1747497
2023-02-16,OMEGA,Consumer,66.69,67.70,65.65,66.66,66.66,1774905
2024-04-04,OMEGA,Consumer,106.66,108.27,103.73,105.32,105.30,1278355
2023-06-21,BETA,Finance,69.54,70.45,67.87,68.77,68.77,1316721
2024-07-31,BETA,Finance,60.56,61.62,58.99,60.04,60.03,1348255
2024-09-02,DELTA,Energy,76.54,77.35,74.77,75.56,75.55,1246774
2023-05-09,OMEGA,Consumer,79.73,81.07,78.58,79.92,79.92,1950448
2023-08-25,ALPHA,Technology,89.91,93.04,88.46,91.56,91.56,1583925
2023-12-27,BENCH,Benchmark,135.73,136.91,134.41,135.58,135.57,2446684
2024-03-11,DELTA,Energy,70.14,71.82,69.47,71.15,71.14,1374769
2024-05-15,BENCH,Benchmark,151.19,152.75,149.70,151.26,151.24,1367282
2024-02-21,BETA,Finance,67.44,69.32,66.46,68.32,68.31,1306567
2023-12-25,BENCH,Benchmark,137.34,138.58,135.73,136.97,136.95,1542819
2023-04-19,BENCH,Benchmark,132.93,135.12,131.44,133.61,133.61,1331369
2023-12-19,OMEGA,Consumer,99.69,100.73,98.35,99.38,99.37,1692542
2024-03-19,BETA,Finance,69.15,70.12,68.41,69.38,69.37,1240713
2024-11-04,BETA,Finance,66.90,68.85,66.22,68.15,68.13,1162408
2024-04-23,DELTA,Energy,68.23,70.38,67.24,69.37,69.36,1977664
2024-09-19,BETA,Finance,56.26,57.73,55.58,57.04,57.03,1246242
2024-03-11,OMEGA,Consumer,111.56,113.19,110.12,111.74,111.72,1579001
2023-01-30,DELTA,Energy,60.85,62.03,58.79,59.95,59.95,1148937
2023-02-17,BENCH,Benchmark,105.22,108.08,104.11,106.96,106.96,1493281
2023-01-20,ALPHA,Technology,92.13,94.92,91.01,93.79,93.79,1852585
2024-03-05,GAMMA,Healthcare,41.74,42.56,41.09,41.90,41.90,1210748
2023-06-09,GAMMA,Healthcare,42.91,43.65,42.68,43.42,43.42,1352282
2023-02-24,BENCH,Benchmark,110.25,111.47,109.37,110.59,110.59,1771857
2024-08-30,ALPHA,Technology,105.45,107.46,101.22,103.19,103.17,1598534
2023-01-19,BETA,Finance,61.65,62.33,60.25,60.92,60.92,1184954
2023-11-21,BETA,Finance,79.73,80.33,79.06,79.66,79.65,1721420
2023-12-20,OMEGA,Consumer,99.21,100.78,96.00,97.55,97.54,1265715
2024-06-10,OMEGA,Consumer,119.21,121.67,117.42,119.87,119.86,1329306
2023-09-29,BETA,Finance,79.49,80.35,78.58,79.45,79.44,1371595
2023-04-28,GAMMA,Healthcare,50.12,50.80,48.71,49.37,49.37,1593491
2024-03-22,GAMMA,Healthcare,40.64,41.92,39.92,41.19,41.19,1341302
2024-10-31,OMEGA,Consumer,106.61,108.03,105.73,107.14,107.11,1264537
2023-10-31,BENCH,Benchmark,143.84,145.10,140.72,141.96,141.94,1605664
2024-09-18,ALPHA,Technology,103.15,106.08,101.49,104.39,104.37,1293309
2023-02-21,OMEGA,Consumer,68.33,68.93,67.81,68.40,68.40,1192471
2024-11-06,BENCH,Benchmark,159.10,162.22,158.13,161.24,161.20,1769796
2023-12-22,BENCH,Benchmark,137.86,139.60,135.55,137.27,137.26,2183877
2024-10-02,ALPHA,Technology,105.67,107.37,103.81,105.52,105.49,1975814
2023-01-11,DELTA,Energy,59.01,60.18,57.32,58.48,58.48,1774363
2024-02-02,BENCH,Benchmark,122.56,123.31,121.66,122.41,122.40,1616237
2023-07-28,GAMMA,Healthcare,38.89,39.51,38.20,38.82,38.81,1453684
2024-12-30,BENCH,Benchmark,170.08,171.36,169.09,170.37,170.33,1490114
2023-08-31,BETA,Finance,65.75,68.89,64.75,67.86,67.86,1787916
2023-11-14,BENCH,Benchmark,139.34,141.80,137.76,140.21,140.19,1591047
2024-02-07,DELTA,Energy,69.40,70.27,66.68,67.53,67.52,2036703
2024-08-16,GAMMA,Healthcare,55.75,56.37,54.11,54.72,54.71,1622178
2024-11-15,GAMMA,Healthcare,57.84,59.52,57.00,58.66,58.65,1879309
2023-08-30,ALPHA,Technology,95.36,96.43,93.31,94.37,94.37,1443412
2024-06-20,OMEGA,Consumer,122.65,123.55,120.31,121.20,121.18,1446659
2024-03-05,BENCH,Benchmark,126.75,127.80,125.92,126.97,126.95,1723501
2023-06-16,OMEGA,Consumer,76.61,77.82,75.43,76.64,76.63,1256138
2023-09-29,GAMMA,Healthcare,47.38,47.86,45.51,45.97,45.97,1565779
2024-01-12,BETA,Finance,79.50,80.27,78.40,79.17,79.16,1229570
2024-11-12,BENCH,Benchmark,160.93,163.08,159.48,161.62,161.59,1515667
2023-01-12,DELTA,Energy,58.14,59.29,57.09,58.23,58.23,2143916
2024-05-20,BETA,Finance,69.22,69.88,67.38,68.03,68.02,1583203
2024-05-28,GAMMA,Healthcare,46.90,49.36,46.28,48.72,48.71,1713792
2023-06-08,OMEGA,Consumer,76.09,77.17,75.12,76.20,76.19,1282658
2024-08-08,BETA,Finance,58.63,59.18,57.81,58.37,58.35,1658863
2024-10-15,BETA,Finance,59.32,60.67,58.92,60.26,60.25,1530367
2024-11-07,ALPHA,Technology,108.03,109.48,106.90,108.35,108.33,1711643
2023-03-01,ALPHA,Technology,96.85,98.39,96.04,97.58,97.58,1487978
2023-07-21,BETA,Finance,59.59,60.33,58.61,59.35,59.34,1515987
2023-02-16,BETA,Finance,67.10,67.74,66.50,67.15,67.15,1264882
2023-03-10,ALPHA,Technology,102.21,103.51,101.34,102.63,102.63,1532894
2024-12-03,OMEGA,Consumer,110.17,111.07,109.61,110.51,110.48,1362200
2024-09-12,OMEGA,Consumer,102.86,104.34,99.46,100.91,100.89,1790308
2023-01-10,BENCH,Benchmark,102.63,103.55,100.96,101.88,101.88,1582053
2023-02-01,BENCH,Benchmark,101.89,103.13,100.52,101.76,101.76,1715698
2024-04-05,OMEGA,Consumer,104.98,106.61,103.08,104.70,104.68,1503391
2024-10-24,BENCH,Benchmark,150.66,153.56,149.74,152.63,152.60,1597410
2023-05-19,BENCH,Benchmark,131.01,132.52,127.44,128.94,128.93,1704875
2024-06-10,ALPHA,Technology,137.06,138.85,132.88,134.64,134.62,1365470
2023-09-15,OMEGA,Consumer,97.86,100.01,96.73,98.86,98.86,1452021
2023-05-31,BETA,Finance,83.40,84.42,80.93,81.94,81.93,1855277
2023-06-28,ALPHA,Technology,84.65,86.16,79.86,81.31,81.31,1350439
2023-05-09,ALPHA,Technology,105.76,110.05,104.63,108.88,108.88,1567723
2023-09-28,OMEGA,Consumer,95.31,96.46,94.17,95.32,95.31,1268043
2024-04-18,OMEGA,Consumer,105.74,107.06,104.10,105.42,105.40,1335003
2023-01-24,BETA,Finance,63.68,64.30,62.62,63.24,63.24,1184912
2023-01-27,DELTA,Energy,61.65,62.99,59.32,60.64,60.64,1130774
2023-11-17,BETA,Finance,79.63,80.71,77.21,78.28,78.27,1794216
2023-11-07,BETA,Finance,79.47,80.21,76.80,77.53,77.52,1169872
2023-02-10,OMEGA,Consumer,66.54,69.01,65.73,68.18,68.18,1731321
2023-08-08,BETA,Finance,60.66,61.35,60.01,60.69,60.69,1804918
2023-10-20,DELTA,Energy,78.48,80.95,76.99,79.44,79.43,1403793
2024-08-30,DELTA,Energy,77.28,78.29,76.40,77.40,77.39,1266192
2024-10-31,GAMMA,Healthcare,57.18,57.95,55.29,56.04,56.03,1417120
2024-10-16,DELTA,Energy,78.55,84.31,76.95,82.62,82.61,1228036
2024-03-29,DELTA,Energy,74.18,75.79,73.21,74.81,74.80,1404592
2023-06-02,DELTA,Energy,77.99,80.69,77.13,79.81,79.80,1282808
2024-05-27,ALPHA,Technology,130.23,135.36,127.94,133.02,133.00,1535693
2023-01-20,DELTA,Energy,63.54,65.33,62.39,64.18,64.18,1338592
2024-10-28,BENCH,Benchmark,154.01,157.15,152.83,155.96,155.92,1361038
2023-04-13,GAMMA,Healthcare,53.30,53.90,52.44,53.04,53.04,1251434
2023-03-14,BENCH,Benchmark,119.87,122.12,118.76,120.99,120.99,1669086
2023-05-18,ALPHA,Technology,109.21,110.85,105.54,107.14,107.14,1694159
2024-04-19,BETA,Finance,71.94,72.70,71.05,71.81,71.80,1728085
2024-08-23,BENCH,Benchmark,135.44,137.62,134.25,136.42,136.40,2194240
2023-02-21,ALPHA,Technology,90.70,93.22,88.67,91.18,91.18,1472883
2024-12-11,ALPHA,Technology,121.67,124.00,117.96,120.26,120.23,1529578
2023-04-21,ALPHA,Technology,106.65,107.99,102.92,104.23,104.23,1571062
2023-05-15,OMEGA,Consumer,81.13,83.30,80.12,82.27,82.27,1580883
2023-05-15,BETA,Finance,88.86,92.88,87.98,91.97,91.96,1379953
2023-02-02,GAMMA,Healthcare,40.30,40.89,39.87,40.46,40.46,1963163
2023-01-16,OMEGA,Consumer,68.63,69.18,67.49,68.03,68.03,1683249
2024-06-07,ALPHA,Technology,138.00,139.26,134.61,135.84,135.82,1951716
2024-02-08,ALPHA,Technology,98.82,102.13,97.02,100.30,100.29,1608718
2023-02-10,BENCH,Benchmark,103.81,105.25,103.02,104.45,104.45,1599005
2024-10-14,DELTA,Energy,77.75,79.60,76.24,78.09,78.07,1486969
2024-03-29,ALPHA,Technology,103.68,105.51,100.79,102.61,102.59,1546713
2024-06-19,GAMMA,Healthcare,54.16,54.69,53.49,54.03,54.02,1286909
2023-07-17,ALPHA,Technology,75.02,79.67,74.05,78.65,78.65,1706163
2024-05-07,BETA,Finance,69.61,70.87,68.65,69.91,69.89,1163897
2023-03-24,ALPHA,Technology,105.51,107.72,104.10,106.31,106.31,1708640
2023-11-06,GAMMA,Healthcare,43.55,44.57,43.06,44.07,44.07,1695661
2023-03-29,OMEGA,Consumer,83.40,84.27,80.34,81.19,81.19,1430608
2024-06-25,BENCH,Benchmark,157.30,161.05,155.84,159.56,159.53,1869643
2023-10-13,BENCH,Benchmark,146.34,147.99,144.83,146.48,146.47,1576244
2023-09-05,OMEGA,Consumer,88.14,89.93,87.46,89.24,89.23,1331494
2024-07-04,GAMMA,Healthcare,55.42,56.08,54.33,54.98,54.97,1470852
2023-02-01,BETA,Finance,61.28,62.71,60.67,62.08,62.08,1712794
2024-06-17,GAMMA,Healthcare,52.90,54.85,52.11,54.04,54.03,1218214
2024-06-19,OMEGA,Consumer,123.58,124.66,121.49,122.56,122.54,1397299
2023-08-09,OMEGA,Consumer,85.23,87.01,84.26,86.03,86.02,1248855
2024-03-12,OMEGA,Consumer,111.64,112.35,108.24,108.93,108.92,2075554
2023-11-30,GAMMA,Healthcare,46.41,46.91,44.65,45.14,45.14,1268870
2023-05-04,OMEGA,Consumer,78.06,80.80,76.96,79.68,79.67,1409858
2024-08-15,BETA,Finance,58.34,59.07,56.92,57.65,57.64,1336706
2023-08-29,OMEGA,Consumer,88.30,89.76,86.89,88.35,88.35,1972987
2024-12-05,ALPHA,Technology,124.36,127.10,122.14,124.87,124.84,1383549
2023-07-21,OMEGA,Consumer,84.60,86.15,83.53,85.07,85.07,1713191
2024-05-21,OMEGA,Consumer,116.64,119.33,114.64,117.31,117.29,1867983
2024-09-13,DELTA,Energy,73.92,75.48,70.34,71.86,71.84,1148607
2023-03-02,GAMMA,Healthcare,41.52,43.24,40.85,42.55,42.55,1882089
2023-05-02,DELTA,Energy,86.29,87.32,85.41,86.44,86.43,1414806
2024-02-27,DELTA,Energy,72.63,75.12,71.15,73.61,73.60,1607811
2023-11-30,DELTA,Energy,65.84,66.67,64.83,65.66,65.66,1405849
2024-03-05,BETA,Finance,67.89,69.09,67.13,68.33,68.32,1965264
2023-02-24,ALPHA,Technology,93.26,95.82,92.28,94.83,94.83,1370026
2023-11-16,OMEGA,Consumer,97.85,99.22,96.22,97.58,97.57,1638087
2023-09-11,BENCH,Benchmark,132.02,133.14,130.71,131.83,131.82,1572690
2023-09-22,OMEGA,Consumer,98.03,98.82,96.76,97.55,97.55,1935517
2024-11-07,BETA,Finance,67.37,68.03,65.69,66.34,66.32,1206069
2024-03-27,ALPHA,Technology,102.05,105.82,100.82,104.56,104.55,2318595
2024-08-19,ALPHA,Technology,107.25,109.39,104.44,106.57,106.56,1783780
2024-01-12,BENCH,Benchmark,132.52,134.10,130.09,131.67,131.65,1632007
2024-09-02,OMEGA,Consumer,103.28,104.53,102.65,103.89,103.87,1190197
2023-12-07,DELTA,Energy,69.09,70.03,67.29,68.22,68.21,2310175
2023-05-19,GAMMA,Healthcare,47.15,48.15,46.55,47.55,47.54,1321973
2023-03-02,OMEGA,Consumer,73.60,76.32,72.33,75.02,75.02,1390941
2023-09-18,BETA,Finance,79.14,80.74,78.42,80.01,80.01,1471815
2023-02-07,GAMMA,Healthcare,42.10,42.91,40.13,40.92,40.92,1403718
2023-08-25,BENCH,Benchmark,121.03,122.52,120.12,121.61,121.60,1484108
2024-10-25,BETA,Finance,64.65,67.06,63.99,66.38,66.37,1784956
2023-10-19,OMEGA,Consumer,105.07,106.07,103.65,104.64,104.64,1241827
2024-05-29,BENCH,Benchmark,151.79,154.79,150.65,153.63,153.61,1839389
2024-05-03,ALPHA,Technology,118.81,120.59,115.74,117.50,117.48,1680682
2024-09-09,BENCH,Benchmark,137.54,140.52,136.21,139.18,139.15,1363318
2024-11-21,OMEGA,Consumer,107.49,111.37,105.91,109.75,109.73,1390531
2024-02-20,BETA,Finance,68.36,69.35,66.76,67.75,67.74,1844331
2024-10-29,BETA,Finance,67.06,69.11,65.95,67.98,67.97,1385807
2023-05-30,GAMMA,Healthcare,43.38,43.98,42.24,42.83,42.83,1548430
2023-01-24,ALPHA,Technology,97.48,99.70,94.29,96.49,96.49,1535198
2024-11-04,DELTA,Energy,89.26,93.72,87.39,91.80,91.78,1210500
2023-11-13,OMEGA,Consumer,101.97,102.76,100.60,101.39,101.38,1491660
2024-01-01,BENCH,Benchmark,133.39,136.20,132.42,135.22,135.20,1525651
2023-03-08,BENCH,Benchmark,115.17,116.96,114.14,115.92,115.92,1619289
2023-02-03,DELTA,Energy,60.10,60.81,56.84,57.52,57.52,1156837
2023-04-14,DELTA,Energy,85.06,86.37,81.25,82.53,82.52,1156294
2023-06-05,BENCH,Benchmark,122.02,123.65,119.94,121.57,121.57,1562710
2024-08-16,BETA,Finance,57.30,58.56,56.80,58.06,58.05,1862622
2023-10-23,BENCH,Benchmark,147.16,149.44,146.07,148.34,148.33,1638823
2023-02-20,BENCH,Benchmark,107.05,109.05,105.91,107.90,107.90,1502532
2024-10-25,DELTA,Energy,83.64,86.96,82.69,85.98,85.96,1453957
2024-04-12,OMEGA,Consumer,104.21,105.18,102.05,103.01,103.00,1527037
2023-12-28,DELTA,Energy,71.33,72.96,68.68,70.28,70.27,1154680
2024-01-19,OMEGA,Consumer,109.91,111.26,107.26,108.60,108.58,1673696
2024-03-25,OMEGA,Consumer,103.30,105.87,101.84,104.39,104.38,1271509
2024-02-05,ALPHA,Technology,101.03,102.84,99.47,101.28,101.26,2188180
2024-06-10,BETA,Finance,70.13,71.36,69.60,70.81,70.80,1467324
2023-01-19,ALPHA,Technology,90.19,94.16,88.34,92.27,92.27,1332952
2024-05-27,BENCH,Benchmark,150.72,152.99,149.65,151.91,151.89,1694990
2024-01-10,BENCH,Benchmark,131.18,133.78,129.75,132.34,132.32,1637403
2023-06-05,BETA,Finance,81.53,82.44,78.78,79.67,79.67,1246671
2024-11-06,GAMMA,Healthcare,56.54,59.41,55.53,58.36,58.35,1362297
2023-07-24,GAMMA,Healthcare,40.27,40.72,39.26,39.70,39.70,1314996
2023-04-05,DELTA,Energy,81.54,82.92,79.70,81.06,81.06,1691401
2023-02-15,ALPHA,Technology,89.55,92.62,88.40,91.45,91.45,1443477
2023-04-11,BETA,Finance,87.83,90.52,86.46,89.13,89.13,1562608
2024-11-08,GAMMA,Healthcare,57.08,58.95,56.25,58.10,58.09,2093249
2024-09-02,BETA,Finance,57.36,57.74,55.91,56.28,56.27,1296606
2023-08-18,BETA,Finance,60.12,61.77,59.68,61.32,61.31,1626378
2024-03-11,BENCH,Benchmark,128.51,130.47,127.33,129.29,129.27,1785649
2023-01-18,BETA,Finance,62.80,63.39,60.98,61.56,61.56,1494984
2024-01-05,OMEGA,Consumer,108.65,110.25,105.40,106.97,106.96,1233274
2024-07-02,BETA,Finance,69.55,70.13,66.93,67.49,67.48,1318190
2024-02-15,DELTA,Energy,72.42,74.78,70.81,73.15,73.14,1475010
2024-06-05,BENCH,Benchmark,158.62,160.61,157.55,159.53,159.51,1587586
2023-07-10,ALPHA,Technology,72.77,74.15,71.88,73.26,73.25,1688927
2023-01-26,BETA,Finance,64.10,65.06,62.59,63.54,63.54,1392046
2023-02-27,GAMMA,Healthcare,40.33,41.83,40.01,41.50,41.50,1247954
2023-03-03,BENCH,Benchmark,113.46,114.28,112.57,113.39,113.39,1598442
2024-03-18,BETA,Finance,69.76,70.47,68.75,69.45,69.44,1234052
2024-04-05,BENCH,Benchmark,142.77,144.98,142.26,144.46,144.44,1815777
2024-04-01,BETA,Finance,72.25,74.34,71.48,73.56,73.55,1425932
2023-09-04,OMEGA,Consumer,87.51,89.29,86.05,87.82,87.81,1303435
2024-02-20,OMEGA,Consumer,112.10,113.58,109.93,111.40,111.39,1594773
2024-08-08,BENCH,Benchmark,140.66,141.49,138.28,139.11,139.09,1769009
2024-11-26,GAMMA,Healthcare,60.98,62.40,60.33,61.75,61.73,1489942
2024-02-13,DELTA,Energy,72.04,74.08,70.39,72.43,72.42,1159035
2024-08-23,ALPHA,Technology,104.07,106.80,101.54,104.27,104.25,1764951
2023-09-06,OMEGA,Consumer,89.11,92.23,88.41,91.51,91.50,1630806
2023-04-11,OMEGA,Consumer,84.53,85.72,82.96,84.14,84.13,1468600
2023-10-31,GAMMA,Healthcare,44.60,45.03,44.05,44.48,44.48,1876235
2023-03-06,BETA,Finance,68.92,70.33,68.23,69.63,69.63,1487540
2023-04-14,ALPHA,Technology,102.59,106.26,100.97,104.61,104.61,1312970
2023-09-19,DELTA,Energy,70.48,71.26,69.38,70.15,70.15,1303981
2023-02-23,GAMMA,Healthcare,40.41,41.39,39.99,40.97,40.97,1750493
2024-05-28,BETA,Finance,65.44,66.47,64.77,65.80,65.79,1405230
2024-03-25,BENCH,Benchmark,134.50,135.26,133.36,134.11,134.09,1336312
2024-07-08,ALPHA,Technology,144.44,149.88,142.22,147.62,147.59,1360875
2023-03-06,DELTA,Energy,61.36,63.48,60.48,62.59,62.59,1368893
2024-04-30,DELTA,Energy,74.30,77.46,72.80,75.93,75.92,2021661
2023-03-09,ALPHA,Technology,101.79,103.07,100.55,101.83,101.83,1626675
2023-05-25,BENCH,Benchmark,126.12,126.43,125.11,125.42,125.41,2362332
2024-05-31,GAMMA,Healthcare,49.78,50.60,49.07,49.89,49.88,1231219
2024-07-22,OMEGA,Consumer,114.11,115.86,111.55,113.29,113.27,1389767
2024-12-04,ALPHA,Technology,126.97,129.32,123.20,125.53,125.50,1795717
2024-03-08,ALPHA,Technology,89.40,93.28,88.61,92.46,92.45,1435614
2023-10-26,GAMMA,Healthcare,47.01,47.58,45.30,45.85,45.85,1224132
2024-11-13,GAMMA,Healthcare,57.06,57.99,56.23,57.16,57.15,1383332
2023-02-24,OMEGA,Consumer,70.38,72.22,69.94,71.77,71.77,1635113
2023-08-09,BETA,Finance,60.81,61.36,59.28,59.82,59.81,1201179
2023-08-29,ALPHA,Technology,94.22,96.71,92.39,94.87,94.86,1732573
2024-05-09,BENCH,Benchmark,147.41,149.42,146.17,148.17,148.15,1576463
2023-12-25,BETA,Finance,76.75,77.92,76.10,77.27,77.26,1663863
2024-03-19,BENCH,Benchmark,133.07,134.71,131.90,133.54,133.52,1584834
2024-09-10,ALPHA,Technology,107.35,110.43,105.98,109.04,109.02,1372421
2024-06-13,GAMMA,Healthcare,51.70,53.44,51.03,52.75,52.74,1614046
2023-08-02,ALPHA,Technology,75.95,77.71,74.96,76.70,76.70,2473517
2023-04-07,OMEGA,Consumer,83.51,84.88,82.49,83.85,83.85,1515188
2023-08-30,BENCH,Benchmark,123.82,126.12,123.03,125.32,125.31,1725528
2024-05-13,BENCH,Benchmark,148.28,150.35,147.00,149.07,149.05,1792481
2024-06-11,OMEGA,Consumer,119.16,120.41,117.49,118.74,118.72,1329935
2024-01-01,DELTA,Energy,70.45,71.17,67.77,68.46,68.45,1222349
2024-03-21,BENCH,Benchmark,133.20,135.85,131.72,134.36,134.34,1470081
2024-04-04,DELTA,Energy,72.85,74.20,70.73,72.06,72.05,1200164
2024-12-19,GAMMA,Healthcare,64.50,65.69,62.60,63.77,63.75,1485566
2024-06-21,BETA,Finance,65.78,67.40,65.01,66.61,66.60,1491002
2023-09-19,BETA,Finance,80.08,82.39,79.35,81.65,81.65,1230287
2023-06-27,BENCH,Benchmark,115.09,115.89,113.96,114.75,114.75,2258222
2024-08-28,BETA,Finance,57.34,57.95,56.81,57.42,57.41,1373908
2023-10-09,BETA,Finance,84.50,85.44,82.97,83.91,83.90,1274321
2023-02-03,BENCH,Benchmark,102.38,103.69,101.26,102.57,102.57,1375915
2024-06-18,OMEGA,Consumer,124.03,125.25,122.11,123.32,123.30,1451698
2024-05-28,ALPHA,Technology,133.36,136.87,131.55,135.04,135.02,2249191
2024-03-01,DELTA,Energy,72.01,72.92,69.15,70.03,70.02,1503680
2023-01-31,DELTA,Energy,59.73,61.10,58.76,60.13,60.13,1256863
2023-06-14,DELTA,Energy,73.36,76.45,71.97,75.02,75.02,1207338
2024-07-31,GAMMA,Healthcare,57.32,59.22,56.52,58.41,58.40,1552399
2024-01-01,OMEGA,Consumer,105.30,106.67,104.26,105.62,105.61,1394804
2024-10-04,GAMMA,Healthcare,50.95,52.12,50.21,51.37,51.36,1363556
2023-02-21,DELTA,Energy,63.23,64.77,62.34,63.87,63.87,1485988
2023-05-10,BETA,Finance,88.70,90.10,87.59,88.98,88.98,1450620
2024-09-24,GAMMA,Healthcare,49.67,50.86,48.69,49.88,49.87,1606628
2024-07-24,BETA,Finance,62.45,63.36,61.95,62.85,62.84,1357528
2024-02-07,OMEGA,Consumer,111.53,113.72,110.24,112.42,112.41,2058518
2024-06-11,BETA,Finance,70.71,71.47,68.37,69.12,69.11,1710929
2024-08-12,GAMMA,Healthcare,55.92,56.47,55.32,55.87,55.86,1546286
2024-09-10,OMEGA,Consumer,102.47,104.04,101.44,103.01,103.00,1532025
2023-07-27,DELTA,Energy,63.63,65.43,62.47,64.26,64.26,1217552
2024-05-21,DELTA,Energy,78.42,82.50,76.71,80.73,80.72,2067663
2023-07-25,BETA,Finance,57.94,59.57,57.31,58.92,58.92,1359700
2024-10-28,OMEGA,Consumer,109.90,111.56,107.93,109.59,109.57,1335980
2024-12-04,BENCH,Benchmark,171.75,173.55,168.45,170.24,170.21,1453783
2024-11-15,BETA,Finance,68.51,69.38,67.10,67.96,67.94,1321999
2023-10-03,BETA,Finance,79.07,80.13,77.60,78.65,78.64,1505566
2023-11-03,BETA,Finance,77.77,78.99,77.32,78.53,78.52,1338556
2024-10-18,DELTA,Energy,82.71,86.21,81.48,84.95,84.93,1714148
2023-12-22,GAMMA,Healthcare,44.05,44.93,42.92,43.79,43.78,1388298
2023-06-27,OMEGA,Consumer,76.46,77.04,73.78,74.34,74.34,1365470
2023-09-04,ALPHA,Technology,94.29,97.53,92.50,95.71,95.71,1308869
2024-01-03,BENCH,Benchmark,133.79,134.78,132.10,133.08,133.06,1457396
2024-10-08,DELTA,Energy,81.38,83.25,78.98,80.83,80.82,1135505
2024-10-23,BETA,Finance,61.29,64.88,60.78,64.34,64.33,1546946
2023-11-20,OMEGA,Consumer,96.58,100.31,95.87,99.57,99.56,1289829
2024-02-02,ALPHA,Technology,99.99,102.04,98.58,100.63,100.62,1468212
2024-12-19,DELTA,Energy,100.05,101.29,96.97,98.19,98.17,1327301
2023-03-30,BETA,Finance,81.69,83.95,80.93,83.17,83.17,1244333
2023-05-02,BENCH,Benchmark,132.22,134.62,131.52,133.91,133.91,1592549
2024-01-04,GAMMA,Healthcare,41.90,43.42,41.38,42.88,42.87,1564913
2024-06-19,BETA,Finance,67.66,68.19,64.95,65.46,65.45,1289375
2023-09-08,DELTA,Energy,68.83,71.22,67.50,69.87,69.86,1710269
2024-02-20,DELTA,Energy,71.58,74.12,70.81,73.32,73.31,1360239
2024-11-20,BETA,Finance,68.70,71.17,68.27,70.72,70.71,1655732
2023-11-08,DELTA,Energy,71.04,72.48,67.73,69.13,69.13,1318003
2024-05-09,DELTA,Energy,81.20,82.36,78.54,79.68,79.67,1459839
2024-11-11,BETA,Finance,66.32,67.16,65.56,66.40,66.39,1215227
2023-01-24,BENCH,Benchmark,105.11,105.91,102.18,102.97,102.97,1614478
2023-01-09,OMEGA,Consumer,71.33,72.75,70.29,71.71,71.71,1359727
2023-08-03,GAMMA,Healthcare,38.92,40.32,38.22,39.61,39.61,2007575
2023-01-24,GAMMA,Healthcare,40.81,41.26,39.44,39.88,39.88,2072315
2024-03-01,GAMMA,Healthcare,42.39,43.29,40.97,41.86,41.85,1504134
2023-12-04,GAMMA,Healthcare,44.54,45.63,44.13,45.21,45.21,1470097
2024-01-04,DELTA,Energy,67.42,69.78,66.28,68.62,68.61,1777180
2024-10-14,OMEGA,Consumer,101.07,102.42,99.92,101.27,101.25,1620580
2023-05-01,ALPHA,Technology,107.06,109.04,100.95,102.86,102.85,1328805
2024-04-12,GAMMA,Healthcare,43.30,44.02,41.94,42.65,42.64,1453391
2024-05-08,BETA,Finance,69.82,70.09,69.12,69.39,69.38,1510106
2024-03-20,DELTA,Energy,70.93,71.73,70.19,70.99,70.98,1214098
2023-08-29,GAMMA,Healthcare,43.52,44.67,43.04,44.19,44.18,1852153
2024-04-22,GAMMA,Healthcare,43.05,44.88,42.35,44.16,44.15,1373561
2024-01-09,ALPHA,Technology,106.34,111.25,104.90,109.76,109.75,1299648
2023-07-04,BENCH,Benchmark,115.38,116.41,113.16,114.18,114.18,1446373
2024-03-28,ALPHA,Technology,104.84,106.27,102.46,103.87,103.86,1931719
2023-10-05,ALPHA,Technology,105.40,108.24,104.44,107.25,107.25,2022188
2024-06-20,ALPHA,Technology,140.93,142.77,137.56,139.38,139.35,1578925
2023-07-03,BETA,Finance,64.94,65.50,63.25,63.79,63.79,1233493
2024-10-29,DELTA,Energy,87.24,89.39,85.67,87.81,87.79,1454585
2023-12-05,GAMMA,Healthcare,45.30,46.37,44.92,45.98,45.97,1266411
2024-09-05,BENCH,Benchmark,136.66,138.99,135.48,137.80,137.78,1464873
2024-03-20,ALPHA,Technology,99.04,100.18,98.22,99.36,99.34,2049175
2023-05-26,GAMMA,Healthcare,43.74,44.36,42.21,42.82,42.82,1325946
2023-10-02,GAMMA,Healthcare,46.02,47.77,45.40,47.13,47.13,1334348
2024-11-01,GAMMA,Healthcare,56.30,56.95,55.82,56.47,56.46,2120413
2023-01-12,OMEGA,Consumer,70.26,71.04,68.94,69.72,69.72,1785182
2023-06-01,DELTA,Energy,79.81,81.13,77.33,78.62,78.62,1175578
2023-05-08,ALPHA,Technology,103.34,107.86,101.41,105.89,105.88,1390401
2024-11-14,OMEGA,Consumer,105.69,108.00,104.52,106.81,106.79,1588971
2024-05-22,BENCH,Benchmark,149.83,151.66,148.60,150.42,150.40,1852847
2023-05-19,ALPHA,Technology,107.31,109.78,103.27,105.70,105.70,1787934
2024-03-04,GAMMA,Healthcare,41.56,42.45,40.89,41.78,41.77,1526194
2024-08-19,OMEGA,Consumer,111.25,112.26,109.54,110.54,110.52,1190476
2023-10-30,ALPHA,Technology,106.79,108.71,103.46,105.35,105.34,1412963
2023-11-07,OMEGA,Consumer,101.79,103.22,100.25,101.68,101.67,1590731
2023-05-18,DELTA,Energy,77.59,79.44,76.16,78.01,78.00,1227687
2024-05-22,OMEGA,Consumer,117.34,119.14,115.36,117.15,117.13,1256963
2023-10-27,OMEGA,Consumer,99.31,100.39,94.68,95.72,95.71,1292894
2023-07-28,OMEGA,Consumer,86.79,87.45,85.01,85.66,85.65,1334692
2024-02-02,DELTA,Energy,69.28,71.36,68.00,70.06,70.06,1236676
2024-07-12,ALPHA,Technology,144.03,146.40,139.27,141.61,141.59,1581408
2023-03-13,ALPHA,Technology,102.51,106.82,101.52,105.80,105.80,2191823
2023-06-30,BENCH,Benchmark,114.56,115.88,113.59,114.91,114.91,1694868
2024-09-26,BETA,Finance,57.66,58.25,57.27,57.86,57.85,1336788
2024-09-05,BETA,Finance,55.67,56.44,54.30,55.05,55.04,1873425
2024-06-20,BENCH,Benchmark,159.08,160.01,157.31,158.23,158.20,2319227
2024-03-01,OMEGA,Consumer,104.83,105.89,103.51,104.57,104.56,1373832
2024-08-05,GAMMA,Healthcare,57.51,59.39,56.84,58.71,58.69,1410993
2023-07-18,ALPHA,Technology,79.23,80.31,78.02,79.10,79.09,1995198
2023-01-03,ALPHA,Technology,87.92,90.00,86.02,88.09,88.09,1705821
2023-01-03,DELTA,Energy,55.14,56.50,54.38,55.73,55.73,1363624
2024-02-08,BETA,Finance,72.52,75.06,71.63,74.15,74.14,1428424
2023-08-14,BETA,Finance,61.74,62.51,61.25,62.01,62.01,1566638
2024-07-18,GAMMA,Healthcare,56.14,56.84,54.84,55.52,55.51,1871452
2024-08-13,OMEGA,Consumer,110.39,111.59,109.06,110.25,110.23,1247475
2023-08-07,GAMMA,Healthcare,39.29,40.74,38.66,40.10,40.10,2006644
2023-11-13,ALPHA,Technology,104.19,106.29,102.79,104.88,104.87,1851010
2023-04-17,ALPHA,Technology,104.69,108.22,103.33,106.83,106.83,1980356
2023-07-06,ALPHA,Technology,77.01,78.16,73.20,74.31,74.30,2041708
2023-12-12,ALPHA,Technology,100.95,102.14,98.07,99.23,99.23,1479365
2024-09-04,ALPHA,Technology,107.31,109.07,103.72,105.44,105.43,1702292
2023-05-08,DELTA,Energy,80.36,81.49,78.04,79.15,79.15,1248869
2023-11-03,OMEGA,Consumer,97.50,100.69,96.07,99.24,99.23,1883778
2024-04-24,BETA,Finance,71.75,73.41,70.64,72.30,72.28,1491093
2024-08-16,BENCH,Benchmark,136.82,138.22,135.45,136.85,136.82,1442009
2024-05-06,DELTA,Energy,78.56,82.03,76.76,80.20,80.19,1234638
2024-10-24,ALPHA,Technology,100.92,103.20,99.53,101.80,101.78,1593227
2023-03-01,BENCH,Benchmark,112.54,114.46,111.30,113.21,113.21,1384032
2023-11-07,ALPHA,Technology,107.31,108.67,105.83,107.19,107.18,1951463
2023-06-27,GAMMA,Healthcare,40.61,41.47,40.07,40.93,40.93,1494300
2023-02-23,BENCH,Benchmark,109.43,110.51,109.14,110.22,110.22,1795752
2024-05-20,GAMMA,Healthcare,48.19,48.93,46.99,47.72,47.71,1232656
2023-12-08,OMEGA,Consumer,100.43,101.72,99.22,100.51,100.50,1334579
2023-12-14,ALPHA,Technology,98.54,101.19,97.74,100.37,100.36,1838578
2024-05-22,ALPHA,Technology,126.77,133.43,124.82,131.40,131.38,1824614
2023-03-21,DELTA,Energy,73.27,74.65,70.32,71.67,71.67,1714689
2024-08-19,BENCH,Benchmark,137.13,139.05,134.93,136.84,136.81,2659455
2024-01-23,GAMMA,Healthcare,40.99,41.49,39.85,40.35,40.35,1660021
2023-06-13,DELTA,Energy,74.98,76.19,73.01,74.20,74.20,1157234
2023-08-16,BENCH,Benchmark,115.87,118.10,115.19,117.41,117.41,1400816
2024-06-04,GAMMA,Healthcare,49.46,51.74,48.70,50.96,50.95,1303422
2024-12-13,DELTA,Energy,98.15,100.20,96.64,98.67,98.65,1896129
2024-11-27,ALPHA,Technology,123.40,125.95,120.59,123.13,123.11,1297264
2023-02-14,BETA,Finance,64.78,65.97,64.20,65.39,65.39,1420919
2024-06-06,BETA,Finance,71.20,72.11,69.55,70.45,70.44,1357684
2024-10-11,GAMMA,Healthcare,52.15,52.83,50.82,51.50,51.48,1732343
2024-02-01,ALPHA,Technology,99.59,101.21,97.83,99.46,99.44,1401533
2023-02-24,DELTA,Energy,63.47,66.52,61.64,64.65,64.65,1197778
2023-04-19,ALPHA,Technology,102.62,105.64,100.61,103.62,103.61,1705964
2024-10-18,OMEGA,Consumer,102.99,107.59,101.46,106.01,105.99,1358869
2024-08-02,BETA,Finance,60.26,60.75,59.06,59.55,59.54,1434462
2024-07-29,GAMMA,Healthcare,57.64,59.02,56.80,58.18,58.17,1454385
2023-07-27,OMEGA,Consumer,87.46,88.12,86.02,86.67,86.66,1404804
2023-11-27,BETA,Finance,77.89,78.62,76.45,77.17,77.16,1386277
2024-11-21,DELTA,Energy,97.03,102.39,95.47,100.77,100.75,1485842
2024-04-03,GAMMA,Healthcare,41.45,43.26,40.98,42.78,42.77,1285071
2023-06-20,OMEGA,Consumer,75.65,75.73,75.62,75.71,75.70,1438022
2023-05-01,OMEGA,Consumer,79.46,80.28,77.04,77.84,77.84,1436330
2024-12-12,GAMMA,Healthcare,63.46,64.69,62.61,63.84,63.82,1532436
2023-11-28,ALPHA,Technology,95.24,101.53,93.87,100.10,100.09,1834314
2024-10-17,OMEGA,Consumer,101.63,105.16,99.94,103.43,103.41,1300385
2024-09-05,ALPHA,Technology,104.81,109.41,102.67,107.23,107.21,1714542
2024-12-23,ALPHA,Technology,130.65,133.33,126.87,129.54,129.50,1676089
2023-01-19,DELTA,Energy,63.26,65.22,61.89,63.84,63.84,1559201
2023-04-25,BENCH,Benchmark,133.36,134.38,132.10,133.13,133.13,1856804
2024-09-23,ALPHA,Technology,106.22,107.90,103.08,104.73,104.71,1741903
2023-10-18,BETA,Finance,83.67,84.66,82.94,83.93,83.93,1761382
2024-05-14,DELTA,Energy,79.86,81.92,78.71,80.75,80.74,1240197
2023-02-20,GAMMA,Healthcare,39.22,39.80,38.90,39.48,39.48,1737200
2023-05-29,DELTA,Energy,77.24,79.00,76.17,77.92,77.91,1395097
2024-09-11,OMEGA,Consumer,103.46,105.58,102.15,104.27,104.24,2201809
2023-12-01,GAMMA,Healthcare,45.18,45.64,44.09,44.54,44.54,1330759
2023-12-28,GAMMA,Healthcare,43.49,43.82,42.68,43.00,42.99,1802819
2023-11-10,OMEGA,Consumer,100.17,103.24,98.78,101.83,101.82,1656996
2023-01-30,BETA,Finance,63.01,63.97,61.64,62.59,62.59,1350569
2024-10-10,OMEGA,Consumer,102.87,104.58,101.68,103.38,103.36,1190597
2024-01-18,GAMMA,Healthcare,42.32,43.13,40.81,41.60,41.60,1962976
2024-12-25,BENCH,Benchmark,170.08,171.77,168.56,170.24,170.20,1975512
2024-03-07,GAMMA,Healthcare,42.87,43.38,42.28,42.79,42.78,1335105
2023-04-10,BETA,Finance,87.25,89.53,86.19,88.45,88.45,1281070
2024-11-18,DELTA,Energy,92.74,95.04,90.72,93.01,93.00,1213661
2023-01-13,ALPHA,Technology,86.48,91.35,85.43,90.25,90.25,2028836
2024-04-09,BETA,Finance,73.61,74.21,71.82,72.41,72.40,1839198
2023-12-04,ALPHA,Technology,98.60,100.90,96.80,99.09,99.08,2024505
2024-11-28,OMEGA,Consumer,111.97,113.81,109.38,111.20,111.18,2115588
2024-05-09,ALPHA,Technology,120.10,123.10,118.27,121.25,121.24,1520064
2024-03-25,BETA,Finance,70.00,70.53,69.48,70.01,70.00,1264161
2024-02-16,BETA,Finance,68.62,69.58,67.43,68.39,68.38,1821903
2023-09-20,ALPHA,Technology,112.14,113.86,105.87,107.52,107.52,1338836
2024-11-06,BETA,Finance,68.30,68.67,66.98,67.35,67.34,1799640
2023-10-26,BENCH,Benchmark,146.71,147.96,143.76,145.00,144.99,1659587
2024-05-30,ALPHA,Technology,134.85,136.80,132.12,134.06,134.04,1680214
2024-04-08,OMEGA,Consumer,105.25,106.77,101.34,102.82,102.80,1272630
2023-11-08,GAMMA,Healthcare,44.47,45.17,44.04,44.74,44.73,1744205
2023-10-17,GAMMA,Healthcare,48.39,49.80,47.72,49.12,49.12,1530655
2024-07-31,BENCH,Benchmark,146.98,148.22,145.49,146.73,146.70,1613817
2024-09-19,BENCH,Benchmark,136.23,136.68,135.40,135.85,135.82,1585886
2023-11-17,DELTA,Energy,68.81,70.10,67.13,68.41,68.40,1358649
2024-03-25,ALPHA,Technology,101.41,103.27,98.06,99.90,99.88,1548007
2023-09-27,BETA,Finance,80.55,81.68,77.61,78.71,78.70,1861379
2023-08-31,ALPHA,Technology,94.49,96.08,93.15,94.73,94.73,1736638
2024-02-06,ALPHA,Technology,101.90,103.90,97.66,99.61,99.60,1802813
2024-05-13,GAMMA,Healthcare,47.63,48.51,47.21,48.09,48.08,1219162
2024-03-15,ALPHA,Technology,98.37,99.87,97.00,98.50,98.49,1562873
2023-04-27,OMEGA,Consumer,80.53,81.75,79.71,80.93,80.93,1500031
2024-11-21,GAMMA,Healthcare,58.58,59.58,57.88,58.89,58.87,1235353
2024-06-06,DELTA,Energy,91.39,93.95,89.94,92.49,92.48,1470631
2024-12-12,OMEGA,Consumer,111.66,114.57,109.75,112.64,112.62,1742871
2023-08-10,GAMMA,Healthcare,41.44,42.00,40.63,41.19,41.19,1631178
2024-07-23,DELTA,Energy,102.61,103.85,98.55,99.75,99.73,1219738
2024-09-20,BETA,Finance,56.98,57.58,54.77,55.35,55.34,1889017
2023-04-18,BETA,Finance,93.84,94.56,90.36,91.05,91.05,1385236
2024-12-17,BETA,Finance,71.96,74.93,71.29,74.25,74.23,1616203
2023-07-17,GAMMA,Healthcare,41.45,41.81,40.23,40.58,40.58,1466411
2023-01-10,ALPHA,Technology,86.52,87.87,84.79,86.13,86.13,1848661
2023-08-15,BENCH,Benchmark,115.10,117.34,114.31,116.55,116.54,1905686
2023-06-23,OMEGA,Consumer,77.01,77.74,75.12,75.83,75.83,1290746
2023-05-19,DELTA,Energy,78.18,79.21,76.07,77.09,77.09,1281568
2023-11-24,BENCH,Benchmark,138.56,140.08,136.12,137.63,137.62,1726871
2023-05-12,BETA,Finance,90.22,91.10,88.54,89.41,89.41,1628849
2023-05-24,OMEGA,Consumer,81.68,82.78,79.53,80.62,80.62,1226263
2024-11-01,BETA,Finance,68.43,69.00,66.25,66.81,66.80,1493550
2023-01-03,BETA,Finance,63.58,65.36,62.82,64.59,64.59,1689995
2024-04-17,GAMMA,Healthcare,43.97,44.58,43.27,43.88,43.87,1571512
2023-09-08,GAMMA,Healthcare,46.50,47.02,45.20,45.72,45.72,1248153
2024-08-12,DELTA,Energy,88.72,90.21,83.29,84.72,84.70,1814861
2023-03-10,OMEGA,Consumer,74.47,75.92,73.51,74.95,74.95,2013181
2023-01-04,DELTA,Energy,56.17,57.47,55.07,56.35,56.35,2053239
2023-03-30,BENCH,Benchmark,128.65,131.83,127.69,130.85,130.85,1337642
2024-03-22,OMEGA,Consumer,104.10,104.90,102.28,103.07,103.06,1725787
2024-02-12,DELTA,Energy,70.57,73.37,69.54,72.31,72.31,1152474
2024-12-16,OMEGA,Consumer,112.63,113.71,109.27,110.32,110.29,1382659
2023-11-17,GAMMA,Healthcare,43.55,44.25,42.42,43.12,43.11,1418175
2024-03-12,BENCH,Benchmark,128.90,130.81,127.74,129.64,129.63,1577256
2023-08-07,BENCH,Benchmark,110.99,111.93,109.83,110.78,110.77,1370923
2024-12-23,BETA,Finance,73.95,75.66,73.30,75.01,74.99,1224745
2024-11-06,OMEGA,Consumer,104.24,105.53,102.97,104.25,104.23,1402825
2024-10-11,BETA,Finance,59.14,59.41,58.40,58.67,58.65,1380304
2023-12-29,BENCH,Benchmark,135.38,136.86,133.11,134.58,134.56,1829730
2023-10-18,GAMMA,Healthcare,49.33,50.14,47.69,48.49,48.48,1627449
2024-08-13,GAMMA,Healthcare,55.97,56.83,54.10,54.95,54.94,1256340
2023-03-10,BENCH,Benchmark,117.44,119.59,116.06,118.19,118.19,2254037
2024-08-14,BENCH,Benchmark,136.25,138.28,134.94,136.96,136.94,1667395
2023-06-12,DELTA,Energy,76.67,78.10,73.67,75.07,75.07,1847179
2024-11-11,BENCH,Benchmark,161.76,163.09,159.00,160.31,160.28,2069134
2023-06-29,DELTA,Energy,69.81,70.80,65.52,66.46,66.46,1293933
2023-07-13,BETA,Finance,60.29,60.98,58.60,59.29,59.29,1259091
2023-11-09,GAMMA,Healthcare,44.83,45.61,44.24,45.01,45.01,1653646
2024-01-19,ALPHA,Technology,106.28,108.06,104.02,105.79,105.78,1398038
2024-02-15,BETA,Finance,70.52,71.39,67.48,68.32,68.31,1619559
2023-09-11,OMEGA,Consumer,93.15,94.38,91.45,92.68,92.67,1295938
2024-09-17,OMEGA,Consumer,100.61,103.03,99.14,101.55,101.53,1584035
2023-04-26,ALPHA,Technology,106.30,109.32,103.70,106.71,106.71,1932037
2023-08-09,ALPHA,Technology,79.12,81.98,77.30,80.14,80.14,1512342
2023-08-07,OMEGA,Consumer,86.78,87.61,85.07,85.90,85.90,1339972
2023-04-26,BENCH,Benchmark,133.55,134.50,131.70,132.64,132.64,1517836
2023-03-27,GAMMA,Healthcare,48.23,49.95,47.57,49.28,49.28,1585141
2024-06-26,OMEGA,Consumer,127.21,130.30,125.23,128.31,128.28,1514704
2023-11-08,BETA,Finance,77.30,78.64,76.37,77.70,77.69,1493791
2024-10-29,ALPHA,Technology,102.02,103.51,100.92,102.40,102.38,1595505
2023-03-30,DELTA,Energy,77.16,79.82,75.40,78.04,78.04,1549975
2023-10-10,GAMMA,Healthcare,49.00,49.61,48.34,48.96,48.95,1460634
2024-12-25,DELTA,Energy,97.51,98.79,94.82,96.09,96.06,1364379
2024-08-06,BENCH,Benchmark,144.19,145.11,140.91,141.82,141.79,1579338
2024-10-31,DELTA,Energy,89.46,90.96,87.76,89.26,89.24,1384450
2023-12-15,GAMMA,Healthcare,46.74,47.34,45.76,46.36,46.35,1645698
2023-11-06,OMEGA,Consumer,99.04,103.59,97.36,101.86,101.85,1449489
2024-04-22,BENCH,Benchmark,143.77,144.83,142.17,143.22,143.20,2183676
2024-12-04,DELTA,Energy,96.42,98.65,94.37,96.60,96.58,1917794
2023-11-24,DELTA,Energy,70.37,71.67,66.30,67.54,67.53,1777258
2024-08-22,DELTA,Energy,77.08,78.25,75.54,76.71,76.69,1608094
2024-06-07,OMEGA,Consumer,119.72,121.21,117.89,119.38,119.36,1490233
2024-08-07,BENCH,Benchmark,142.21,143.63,138.95,140.35,140.33,1387572
2024-12-31,ALPHA,Technology,130.60,136.19,128.96,134.50,134.46,1505657
2024-05-29,OMEGA,Consumer,114.44,116.59,112.72,114.86,114.84,2140869
2023-07-04,GAMMA,Healthcare,42.05,42.56,41.20,41.71,41.71,1832645
2023-11-21,GAMMA,Healthcare,43.35,44.22,42.63,43.50,43.49,1551747
2024-07-05,ALPHA,Technology,142.30,145.85,139.88,143.41,143.38,1589474
2023-10-23,OMEGA,Consumer,102.38,104.31,100.41,102.34,102.33,1457519
2024-05-10,BENCH,Benchmark,148.72,149.83,146.49,147.59,147.57,1576182
2024-06-14,BENCH,Benchmark,157.86,160.70,156.02,158.84,158.81,1355930
2023-10-12,BENCH,Benchmark,146.38,147.57,145.23,146.41,146.40,1593542
2023-07-24,OMEGA,Consumer,84.89,85.44,83.76,84.30,84.29,1208269
2023-03-08,BETA,Finance,68.99,71.88,68.07,70.94,70.94,1542094
2023-07-12,BETA,Finance,60.90,61.85,59.84,60.78,60.78,1678835
2023-10-20,OMEGA,Consumer,104.35,105.24,100.76,101.63,101.62,1638994
2023-06-21,GAMMA,Healthcare,39.74,40.68,39.09,40.02,40.02,1638699
2023-04-27,DELTA,Energy,87.92,89.83,85.59,87.48,87.48,1290570
2023-08-15,DELTA,Energy,63.89,66.04,62.67,64.81,64.80,1432892
2024-01-01,ALPHA,Technology,106.51,108.76,104.68,106.91,106.90,1427553
2024-05-24,BENCH,Benchmark,150.83,152.45,149.52,151.13,151.11,2135877
2023-09-18,OMEGA,Consumer,98.55,100.05,97.34,98.84,98.83,1692869
2023-08-04,OMEGA,Consumer,87.33,88.21,85.99,86.86,86.86,1419675
2024-12-25,ALPHA,Technology,132.47,133.69,130.28,131.48,131.45,1433736
2024-12-03,ALPHA,Technology,127.25,128.54,125.65,126.94,126.92,2190574
2024-06-12,GAMMA,Healthcare,52.57,53.24,51.44,52.10,52.10,1641046
2023-11-16,ALPHA,Technology,103.60,106.85,101.66,104.89,104.88,1708469
2024-12-19,OMEGA,Consumer,107.72,108.44,106.69,107.42,107.39,1540993
2024-01-18,BENCH,Benchmark,129.55,131.02,127.34,128.81,128.79,2098432
2023-04-18,GAMMA,Healthcare,53.71,54.37,52.47,53.11,53.11,1408836
2024-12-26,DELTA,Energy,95.49,96.69,93.12,94.31,94.29,1427191
2023-02-27,OMEGA,Consumer,72.22,73.26,70.34,71.37,71.37,1363469
2024-07-26,OMEGA,Consumer,112.44,115.29,110.70,113.54,113.52,1464436
2024-03-06,BENCH,Benchmark,126.40,128.63,125.25,127.47,127.45,1493135
2024-03-05,DELTA,Energy,71.60,72.27,70.46,71.12,71.11,1351647
2023-07-21,DELTA,Energy,62.53,63.70,61.48,62.65,62.64,1268359
2024-10-25,OMEGA,Consumer,108.10,111.36,106.87,110.11,110.09,1193803
2024-11-25,BENCH,Benchmark,169.76,172.69,167.66,170.58,170.54,1520655
2024-09-06,DELTA,Energy,74.77,75.79,72.42,73.42,73.41,1284052
2024-07-24,GAMMA,Healthcare,56.21,57.91,55.41,57.09,57.08,2297874
2024-02-20,BENCH,Benchmark,128.25,129.31,126.71,127.77,127.75,1687488
2024-08-07,GAMMA,Healthcare,56.88,57.98,56.07,57.17,57.16,1672263
2023-09-14,BENCH,Benchmark,135.91,139.12,134.70,137.89,137.89,2056094
2023-08-16,OMEGA,Consumer,85.06,86.87,84.19,86.00,85.99,1306026
2024-02-07,BETA,Finance,72.81,73.63,71.97,72.79,72.78,1322346
2024-08-22,BETA,Finance,57.63,58.22,56.93,57.52,57.51,1653688
2023-07-21,BENCH,Benchmark,109.24,110.43,107.54,108.72,108.72,1511789
2023-09-26,BENCH,Benchmark,140.24,141.55,139.10,140.41,140.40,1770698
2023-10-02,BETA,Finance,79.34,80.14,78.28,79.08,79.07,1215870
2024-02-06,BENCH,Benchmark,122.92,124.18,121.97,123.23,123.21,1481141
2024-10-29,GAMMA,Healthcare,58.24,59.17,57.02,57.96,57.94,1485751
2023-02-10,BETA,Finance,65.33,66.14,63.91,64.71,64.71,1407260
2024-01-26,OMEGA,Consumer,108.92,110.22,107.42,108.73,108.71,1233714
2024-04-17,ALPHA,Technology,106.00,108.55,104.62,107.16,107.14,1374598
2024-05-24,GAMMA,Healthcare,47.71,48.89,47.13,48.30,48.29,1616849
2023-05-11,ALPHA,Technology,108.57,112.64,107.33,111.38,111.37,1615671
2024-11-27,DELTA,Energy,95.11,96.79,93.33,95.01,94.99,1429571
2023-10-25,BETA,Finance,81.01,82.22,79.67,80.88,80.87,1549166
2024-01-03,OMEGA,Consumer,104.67,107.26,103.50,106.08,106.06,1621714
2024-08-14,GAMMA,Healthcare,54.72,56.14,54.00,55.41,55.40,1767984
2024-06-14,GAMMA,Healthcare,52.37,52.96,51.92,52.51,52.50,1271242
2024-08-09,BETA,Finance,58.51,59.29,56.50,57.26,57.25,1174110
2023-12-01,BENCH,Benchmark,137.43,138.24,135.99,136.79,136.78,1402576
2024-11-25,BETA,Finance,71.10,71.67,70.47,71.04,71.02,1292637
2023-03-23,ALPHA,Technology,105.45,106.93,103.91,105.39,105.39,2021721
2023-07-19,OMEGA,Consumer,82.91,84.86,81.76,83.70,83.69,1517545
2024-12-20,BETA,Finance,74.47,75.23,73.18,73.93,73.92,1171241
2023-02-07,BENCH,Benchmark,102.17,103.68,101.83,103.34,103.34,1448867
2024-09-09,OMEGA,Consumer,103.84,105.34,101.31,102.80,102.78,1711382
2023-06-19,GAMMA,Healthcare,41.23,41.90,39.71,40.37,40.36,1389379
2023-01-26,GAMMA,Healthcare,40.29,41.06,39.71,40.48,40.48,1291386
2024-08-20,GAMMA,Healthcare,54.81,56.60,53.98,55.75,55.74,1776965
2024-09-20,OMEGA,Consumer,100.06,102.43,99.04,101.40,101.37,1340040
2023-03-02,ALPHA,Technology,97.23,100.21,96.16,99.12,99.12,1396562
2023-07-25,ALPHA,Technology,74.77,78.37,73.66,77.22,77.21,1574769
2023-05-08,BETA,Finance,89.75,91.13,89.07,90.45,90.44,1436501
2024-10-16,ALPHA,Technology,104.11,109.73,102.36,107.92,107.90,1469781
2023-07-19,BENCH,Benchmark,109.41,110.19,107.38,108.15,108.15,2100268
2024-08-01,BETA,Finance,60.14,60.75,59.30,59.90,59.89,1724370
2024-05-09,OMEGA,Consumer,115.52,116.76,114.34,115.58,115.56,1248658
2024-04-19,OMEGA,Consumer,104.94,107.41,102.85,105.31,105.29,1794467
2023-06-20,DELTA,Energy,69.02,71.02,67.89,69.88,69.88,1434532
2024-03-05,OMEGA,Consumer,107.95,110.95,106.57,109.55,109.54,1725222
2024-05-07,ALPHA,Technology,119.40,120.42,115.89,116.89,116.87,1507339
2024-09-27,BENCH,Benchmark,136.78,138.85,135.45,137.52,137.49,1500531
2024-10-16,OMEGA,Consumer,101.91,102.69,100.95,101.72,101.70,1256864
2023-01-11,BETA,Finance,62.34,63.50,61.28,62.44,62.44,1395637
2024-05-24,DELTA,Energy,83.49,85.18,81.04,82.71,82.70,1487484
2023-04-14,BENCH,Benchmark,132.76,133.72,131.12,132.07,132.07,1650281
2024-04-24,GAMMA,Healthcare,43.81,45.95,43.08,45.20,45.19,2343238
2023-09-25,BENCH,Benchmark,141.20,142.09,139.39,140.27,140.26,1691534
2023-03-20,DELTA,Energy,72.29,74.38,71.04,73.11,73.11,1212138
2023-02-15,BETA,Finance,65.08,66.95,64.91,66.78,66.78,1203172
2024-04-01,DELTA,Energy,74.84,77.01,72.76,74.92,74.91,1379103
2023-06-08,DELTA,Energy,78.00,79.54,76.56,78.10,78.10,1290286
2023-12-20,ALPHA,Technology,102.07,103.30,99.76,100.98,100.97,1385303
2023-12-19,BETA,Finance,75.44,77.05,74.63,76.23,76.22,1266864
2023-05-12,DELTA,Energy,75.91,79.80,74.38,78.22,78.22,1768803
2024-06-11,BENCH,Benchmark,158.47,159.34,156.89,157.76,157.73,1401766
2024-11-22,OMEGA,Consumer,109.64,112.15,108.11,110.61,110.59,1798640
2024-11-08,ALPHA,Technology,108.43,111.65,106.73,109.93,109.90,2357477
2023-10-25,ALPHA,Technology,110.58,112.51,106.99,108.89,108.88,1703071
2023-08-02,OMEGA,Consumer,88.79,90.24,85.26,86.67,86.66,1337592
2024-11-08,BETA,Finance,66.62,67.20,65.41,65.98,65.97,1337882
2024-07-22,DELTA,Energy,99.10,102.88,97.46,101.20,101.18,1235510
2024-01-11,ALPHA,Technology,106.90,110.19,105.14,108.41,108.40,1371328
2024-04-22,OMEGA,Consumer,104.99,106.71,104.19,105.90,105.88,1536285
2023-05-17,ALPHA,Technology,111.48,113.24,106.36,108.07,108.07,1366243
2024-11-27,BENCH,Benchmark,171.32,175.90,169.16,173.71,173.68,1865532
2023-06-01,GAMMA,Healthcare,42.38,44.01,41.78,43.40,43.40,1909476
2023-02-22,BENCH,Benchmark,109.93,111.11,107.99,109.16,109.16,1651669
2023-06-02,GAMMA,Healthcare,43.69,44.38,43.02,43.71,43.71,1246613
2024-01-09,BETA,Finance,79.64,81.16,78.19,79.70,79.69,1674884
2024-03-26,BENCH,Benchmark,134.69,136.76,133.54,135.61,135.59,1422788
2023-05-17,OMEGA,Consumer,82.18,83.08,80.46,81.35,81.35,1245034
2023-11-07,GAMMA,Healthcare,44.42,45.23,43.75,44.56,44.55,1421709
2023-01-04,BETA,Finance,64.89,65.68,62.27,63.03,63.03,1190282
2023-10-26,ALPHA,Technology,109.09,110.52,107.19,108.61,108.60,1665743
2024-05-06,BENCH,Benchmark,143.79,146.02,142.97,145.19,145.16,1365893
2024-03-21,ALPHA,Technology,99.31,102.76,97.42,100.85,100.83,1483973
2023-06-26,BETA,Finance,66.56,67.22,65.73,66.40,66.39,1876780
2024-02-14,GAMMA,Healthcare,40.81,41.99,40.42,41.59,41.59,1771159
2023-05-11,BENCH,Benchmark,130.85,134.35,128.99,132.47,132.46,1368440
2023-03-17,ALPHA,Technology,105.81,106.97,102.47,103.61,103.61,1300473
2023-07-24,BENCH,Benchmark,108.63,109.44,107.36,108.17,108.16,1456612
2024-03-26,BETA,Finance,70.08,72.67,69.43,72.00,71.99,1770484
2024-01-24,OMEGA,Consumer,108.65,110.95,107.28,109.57,109.55,2152710
2024-04-17,BETA,Finance,71.61,72.44,70.82,71.65,71.64,1401006
2024-08-26,GAMMA,Healthcare,54.03,55.00,53.43,54.39,54.38,2052701
2024-07-04,OMEGA,Consumer,125.68,128.87,123.74,126.91,126.88,1426530
2023-07-25,DELTA,Energy,60.70,62.93,59.59,61.80,61.80,1329185
2023-06-12,ALPHA,Technology,90.70,91.80,89.51,90.60,90.60,1940443
2024-11-27,BETA,Finance,70.36,71.83,69.49,70.95,70.93,1602776
2023-12-29,OMEGA,Consumer,103.86,106.98,102.94,106.03,106.02,1370053
2024-09-06,GAMMA,Healthcare,50.03,50.81,49.48,50.26,50.25,1421519
2024-05-16,OMEGA,Consumer,117.51,118.57,116.36,117.42,117.40,1620295
2024-07-31,OMEGA,Consumer,112.35,113.60,111.30,112.56,112.54,1359075
2024-09-18,DELTA,Energy,70.61,72.07,68.58,70.03,70.01,1449984
2024-07-05,DELTA,Energy,92.88,96.04,90.71,93.85,93.84,1557137
2023-10-27,ALPHA,Technology,108.26,110.24,104.35,106.30,106.29,1621763
2023-06-02,BETA,Finance,83.91,85.19,80.48,81.72,81.72,1188947
2024-02-08,OMEGA,Consumer,112.06,113.50,110.37,111.80,111.79,1901966
2024-01-23,OMEGA,Consumer,108.96,110.02,107.83,108.88,108.87,1266468
2023-07-14,DELTA,Energy,63.49,66.11,62.46,65.05,65.04,1363488
2023-01-05,DELTA,Energy,56.34,59.31,55.48,58.41,58.41,1267312
2023-10-19,BENCH,Benchmark,147.39,149.41,145.96,147.97,147.96,2063463
2023-09-12,GAMMA,Healthcare,46.02,47.24,45.30,46.52,46.52,1688879
2024-07-08,DELTA,Energy,93.67,95.56,91.67,93.55,93.53,1812183
2023-04-12,BENCH,Benchmark,132.00,133.47,131.03,132.50,132.49,1469857
2023-10-05,BETA,Finance,80.25,83.06,79.09,81.87,81.87,1864727
2023-04-07,BETA,Finance,88.44,89.59,86.06,87.20,87.19,1215157
2023-08-04,ALPHA,Technology,76.96,79.02,75.60,77.66,77.65,1311566
2023-05-09,GAMMA,Healthcare,48.44,48.79,47.67,48.02,48.01,1522105
2024-11-18,ALPHA,Technology,120.67,121.56,118.11,118.99,118.97,1411488
2024-06-25,GAMMA,Healthcare,53.69,54.42,52.77,53.49,53.48,1484149
2023-06-14,BETA,Finance,71.00,71.95,69.71,70.65,70.65,1324288
2023-01-12,BETA,Finance,62.42,63.30,61.71,62.59,62.59,1628401
2023-12-21,BENCH,Benchmark,138.35,139.78,136.54,137.97,137.95,1667728
2024-05-03,BETA,Finance,69.76,70.74,68.82,69.79,69.78,1299382
2024-05-27,DELTA,Energy,83.51,85.08,80.71,82.27,82.25,1245118
2024-07-12,OMEGA,Consumer,117.01,118.47,115.90,117.36,117.33,1219116
2023-04-13,ALPHA,Technology,104.22,105.52,101.98,103.28,103.27,1844601
2023-06-06,ALPHA,Technology,89.56,93.30,88.07,91.77,91.76,1345527
2024-05-13,BETA,Finance,67.81,69.36,67.02,68.57,68.56,1808334
2024-02-02,GAMMA,Healthcare,40.53,41.11,39.98,40.57,40.57,1642367
2023-10-05,DELTA,Energy,74.49,78.38,73.57,77.42,77.41,1408441
2023-12-21,DELTA,Energy,69.91,71.46,66.73,68.25,68.24,1345968
2024-12-11,DELTA,Energy,96.94,101.20,94.95,99.16,99.14,1199799
2023-08-25,DELTA,Energy,65.23,68.71,63.80,67.23,67.23,1352866
2023-12-21,BETA,Finance,75.15,76.79,74.19,75.82,75.81,1607843
2023-02-06,BETA,Finance,62.81,63.75,62.14,63.07,63.07,1245042
2023-02-06,ALPHA,Technology,89.80,91.01,88.64,89.85,89.85,2431943
2024-06-21,BENCH,Benchmark,158.54,160.12,155.81,157.38,157.35,1465772
2023-07-04,OMEGA,Consumer,76.69,77.84,76.01,77.16,77.15,1693995
2024-01-11,GAMMA,Healthcare,44.17,44.45,43.64,43.92,43.92,2023008
2023-10-10,ALPHA,Technology,108.82,111.75,108.16,111.08,111.07,1448146
2023-07-21,GAMMA,Healthcare,39.87,40.91,39.29,40.33,40.32,1461133
2024-07-24,ALPHA,Technology,126.00,127.51,122.37,123.85,123.83,1382662
2024-12-23,BENCH,Benchmark,172.11,173.75,169.40,171.03,170.99,1637845
2023-01-27,GAMMA,Healthcare,40.47,40.89,39.65,40.06,40.06,1787149
2023-03-03,BETA,Finance,67.86,69.39,67.09,68.61,68.61,1311364
2024-02-22,GAMMA,Healthcare,42.26,43.87,41.82,43.42,43.41,1595177
2024-07-15,GAMMA,Healthcare,57.77,58.54,55.87,56.63,56.62,1451290
2024-04-22,ALPHA,Technology,111.81,113.53,110.65,112.37,112.36,1875244
2023-03-06,GAMMA,Healthcare,41.39,43.24,40.84,42.67,42.67,1243911
2023-11-29,BETA,Finance,78.86,79.45,77.69,78.28,78.27,1318825
2023-12-12,BETA,Finance,77.84,78.68,76.26,77.10,77.09,1662721
2024-05-13,DELTA,Energy,78.91,81.60,77.13,79.80,79.79,1500839
2024-07-08,BENCH,Benchmark,157.50,158.61,155.68,156.78,156.76,1349518
2023-08-10,OMEGA,Consumer,85.98,86.91,84.64,85.56,85.56,1378821
2024-06-05,BETA,Finance,70.01,72.40,69.09,71.45,71.44,1572481
2024-01-22,BENCH,Benchmark,129.10,129.77,126.52,127.18,127.17,2011725
2023-10-12,GAMMA,Healthcare,48.13,49.04,46.96,47.87,47.87,1642167
2024-05-27,GAMMA,Healthcare,48.09,48.95,46.22,47.06,47.05,1476028
2024-04-12,BETA,Finance,74.41,75.33,71.87,72.77,72.76,1638378
2023-11-28,BENCH,Benchmark,135.96,139.96,135.29,139.26,139.25,2566572
2023-09-19,BENCH,Benchmark,140.69,141.86,139.68,140.84,140.84,1524361
2023-11-27,DELTA,Energy,68.08,69.15,64.65,65.68,65.68,1630609
2023-06-29,BETA,Finance,65.71,66.28,64.85,65.42,65.41,1384784
2023-11-30,OMEGA,Consumer,95.80,98.81,94.84,97.83,97.82,1223170
2023-02-07,ALPHA,Technology,90.08,91.34,89.17,90.42,90.42,1651819
2023-03-17,DELTA,Energy,70.81,73.64,69.16,71.97,71.97,1242166
2023-08-11,DELTA,Energy,63.44,64.40,62.19,63.14,63.14,1366551
2024-03-19,GAMMA,Healthcare,41.36,41.72,40.70,41.05,41.04,1676732
2023-10-19,ALPHA,Technology,114.96,117.01,109.85,111.85,111.84,1807478
2024-07-29,BETA,Finance,62.49,63.14,60.36,60.98,60.97,1318341
2024-05-03,GAMMA,Healthcare,45.57,46.21,44.81,45.45,45.44,1565667
2024-02-06,DELTA,Energy,71.64,72.62,68.45,69.41,69.40,1182507
2024-09-19,OMEGA,Consumer,99.50,101.95,98.23,100.67,100.64,1356966
2023-08-15,GAMMA,Healthcare,41.96,42.49,41.46,41.99,41.98,1268669
2023-03-24,DELTA,Energy,74.51,76.39,74.28,76.16,76.16,1759488
2023-07-31,ALPHA,Technology,78.17,78.90,76.31,77.03,77.02,1918184
2024-12-20,OMEGA,Consumer,107.74,109.21,106.80,108.26,108.23,1433228
2023-06-26,OMEGA,Consumer,76.02,77.02,75.33,76.33,76.33,1409153
2024-04-16,DELTA,Energy,67.25,68.57,66.45,67.77,67.76,1499252
2023-08-01,BETA,Finance,57.51,58.82,56.96,58.26,58.26,1419247
2023-12-05,BETA,Finance,76.21,77.39,75.37,76.55,76.54,1959006
2024-04-15,OMEGA,Consumer,102.97,104.96,101.84,103.81,103.80,1341012
2023-07-31,BENCH,Benchmark,108.08,109.12,105.77,106.80,106.80,1934417
2023-10-05,BENCH,Benchmark,140.54,142.40,139.54,141.40,141.39,1881617
2024-04-26,DELTA,Energy,73.58,75.27,71.25,72.93,72.92,1286247
2023-09-26,ALPHA,Technology,110.08,110.85,108.21,108.97,108.96,1615922
2024-09-24,OMEGA,Consumer,100.25,101.13,98.34,99.21,99.18,1340325
2024-03-21,BETA,Finance,69.65,70.31,68.51,69.17,69.16,1219958
2023-04-13,OMEGA,Consumer,84.43,84.88,81.99,82.43,82.43,1350522
2023-11-14,OMEGA,Consumer,100.35,101.04,99.10,99.79,99.78,1295733
2023-04-03,BENCH,Benchmark,131.72,132.28,130.97,131.52,131.52,1803632
2024-07-25,OMEGA,Consumer,112.78,114.70,111.30,113.21,113.19,2297681
2023-02-08,DELTA,Energy,59.27,63.12,58.38,62.19,62.19,1492605
2023-03-09,DELTA,Energy,64.40,67.29,63.51,66.37,66.37,1131978
2024-08-23,DELTA,Energy,76.62,77.88,75.37,76.62,76.61,1381203
2024-06-14,ALPHA,Technology,143.63,145.12,142.23,143.72,143.69,1783534
2024-04-15,BETA,Finance,73.16,74.20,70.50,71.51,71.50,1668629
2024-07-10,DELTA,Energy,95.74,102.09,93.38,99.63,99.61,1185970
2024-11-14,BENCH,Benchmark,164.05,166.71,162.31,164.96,164.93,1697843
2023-05-31,OMEGA,Consumer,76.46,77.24,75.57,76.35,76.34,1316948
2023-08-23,OMEGA,Consumer,88.46,89.69,86.17,87.37,87.37,1285114
2023-04-06,ALPHA,Technology,110.02,111.62,107.26,108.84,108.84,1410082
2023-01-09,BENCH,Benchmark,101.87,103.58,101.23,102.93,102.93,1531696
2023-06-28,OMEGA,Consumer,74.01,74.16,73.81,73.97,73.96,1952003
2023-05-24,GAMMA,Healthcare,45.81,46.47,44.26,44.91,44.91,1556472
2023-05-04,DELTA,Energy,84.96,85.23,83.97,84.24,84.24,1390929
2023-07-25,OMEGA,Consumer,84.65,87.12,84.27,86.73,86.73,2022126
2023-12-28,BETA,Finance,77.89,80.05,76.81,78.96,78.95,1255257
2024-10-21,ALPHA,Technology,108.00,109.74,105.24,106.96,106.94,1395698
2024-01-18,ALPHA,Technology,108.84,110.36,104.26,105.74,105.72,1447919
2023-03-22,GAMMA,Healthcare,45.12,47.37,44.25,46.47,46.47,1342499
2024-07-01,BETA,Finance,68.93,70.68,67.77,69.51,69.50,1354526
2024-09-10,DELTA,Energy,75.77,77.11,74.55,75.89,75.88,1372583
2024-05-13,OMEGA,Consumer,114.62,117.56,113.36,116.27,116.25,1333791
2024-04-29,ALPHA,Technology,116.10,120.68,113.87,118.40,118.39,1481056
2023-07-17,BENCH,Benchmark,108.93,110.00,107.28,108.34,108.34,2038448
2023-12-29,GAMMA,Healthcare,43.26,44.04,41.56,42.32,42.31,1657228
2023-08-22,BENCH,Benchmark,118.16,120.36,117.32,119.52,119.51,1354538
2024-12-06,BETA,Finance,69.85,71.04,69.14,70.32,70.30,1670036
2023-05-04,GAMMA,Healthcare,50.83,51.49,50.10,50.75,50.75,1670235
2023-09-28,ALPHA,Technology,106.89,107.97,102.70,103.74,103.73,1779236
2023-09-21,ALPHA,Technology,108.70,110.66,104.08,105.99,105.98,1755093
2024-11-28,GAMMA,Healthcare,61.88,63.46,61.19,62.77,62.75,1228300
2024-06-03,DELTA,Energy,85.98,88.35,84.38,86.74,86.72,1228164
2023-06-05,ALPHA,Technology,90.20,91.86,88.74,90.41,90.41,1353853
2023-11-17,OMEGA,Consumer,97.73,98.73,95.70,96.69,96.68,1561754
2024-07-09,DELTA,Energy,92.85,96.15,92.10,95.38,95.37,1662680
2023-08-14,GAMMA,Healthcare,42.23,42.90,41.37,42.04,42.03,1929160
2024-09-26,DELTA,Energy,72.88,76.03,71.81,74.93,74.91,1639835
2024-07-17,ALPHA,Technology,136.20,139.46,132.93,136.20,136.18,2270621
2023-03-30,OMEGA,Consumer,81.50,82.99,80.85,82.34,82.34,1587240
2023-07-05,BENCH,Benchmark,114.33,115.23,112.24,113.14,113.13,1548119
2023-06-07,BETA,Finance,78.57,78.84,76.57,76.84,76.83,1320021
2023-10-24,DELTA,Energy,80.69,82.19,75.82,77.26,77.25,1575772
2023-06-28,BETA,Finance,66.29,67.01,65.25,65.97,65.97,1282343
2023-10-06,DELTA,Energy,77.31,78.89,76.15,77.72,77.71,1232713
2023-03-22,BETA,Finance,77.34,79.48,76.47,78.59,78.59,2212505
2023-07-06,DELTA,Energy,65.60,67.15,63.61,65.16,65.15,1489820
2023-01-17,BETA,Finance,61.36,63.41,60.44,62.47,62.47,1309279
2024-07-09,BETA,Finance,67.88,69.98,67.11,69.19,69.18,1650941
2024-04-25,GAMMA,Healthcare,44.77,45.78,44.12,45.12,45.11,1891128
2024-03-06,GAMMA,Healthcare,41.74,43.36,41.03,42.63,42.63,1555211
2023-05-09,BETA,Finance,90.65,91.72,88.17,89.22,89.22,1836313
2023-01-09,DELTA,Energy,59.98,60.52,59.14,59.68,59.68,1147827
2024-07-25,BETA,Finance,62.65,63.66,61.04,62.04,62.02,1822660
2023-08-04,BENCH,Benchmark,109.92,112.10,108.76,110.93,110.92,1751507
2023-08-23,GAMMA,Healthcare,43.90,45.02,43.30,44.41,44.41,1597045
2024-11-05,GAMMA,Healthcare,56.97,57.80,56.05,56.88,56.87,2148789
2024-06-06,ALPHA,Technology,136.72,140.30,134.27,137.83,137.81,2239706
2024-06-27,BETA,Finance,67.98,69.00,66.90,67.93,67.92,1774013
2023-11-24,BETA,Finance,79.72,80.26,77.31,77.83,77.82,1636931
2024-11-25,ALPHA,Technology,122.98,124.26,120.35,121.62,121.59,1827482
2023-11-29,BENCH,Benchmark,138.85,140.30,136.95,138.39,138.38,1643161
2023-09-18,GAMMA,Healthcare,47.50,48.33,45.66,46.47,46.47,1259587
2023-12-05,OMEGA,Consumer,95.87,98.28,94.69,97.09,97.08,1310747
2023-06-14,BENCH,Benchmark,119.15,119.19,116.82,116.85,116.85,2616118
2023-05-16,OMEGA,Consumer,82.41,83.60,81.34,82.53,82.53,1451510
2024-06-27,DELTA,Energy,94.75,98.84,92.76,96.81,96.79,1642298
2024-07-05,GAMMA,Healthcare,55.08,55.71,54.52,55.15,55.14,1487151
2024-06-11,GAMMA,Healthcare,51.09,53.12,50.39,52.41,52.40,1513000
2023-10-17,BETA,Finance,82.75,84.81,81.97,84.01,84.00,1177500
2024-08-05,BETA,Finance,59.47,60.26,58.60,59.38,59.37,1639256
2023-02-13,DELTA,Energy,62.93,64.03,59.93,60.99,60.99,1256874
2024-01-08,DELTA,Energy,70.26,71.31,69.29,70.33,70.32,1453010
2024-06-11,DELTA,Energy,91.78,94.97,89.93,93.09,93.07,1788781
2024-01-24,BENCH,Benchmark,126.90,127.56,125.74,126.40,126.38,1331951
2024-11-29,OMEGA,Consumer,112.14,113.12,108.40,109.36,109.34,1442310
2023-07-20,ALPHA,Technology,78.53,80.05,77.65,79.16,79.16,1552928
2023-04-20,ALPHA,Technology,102.84,108.79,101.30,107.19,107.18,1337071
2023-09-15,BENCH,Benchmark,137.83,140.61,136.87,139.64,139.63,2288374
2023-10-20,BETA,Finance,83.05,83.88,79.92,80.73,80.72,1240187
2023-01-17,DELTA,Energy,60.01,63.39,59.10,62.44,62.44,1145021
2024-11-18,GAMMA,Healthcare,58.55,60.16,57.77,59.37,59.36,1258766
2023-11-09,DELTA,Energy,69.11,70.21,68.21,69.31,69.31,1396437
2024-11-13,DELTA,Energy,90.29,92.32,88.15,90.17,90.15,1244379
2023-07-05,BETA,Finance,64.10,64.88,62.33,63.09,63.09,1737823
2024-01-29,ALPHA,Technology,106.32,108.07,103.09,104.81,104.80,1582258
2023-07-10,OMEGA,Consumer,74.61,75.72,73.75,74.85,74.85,1453993
2024-10-28,ALPHA,Technology,101.32,102.75,100.20,101.62,101.60,1924144
2024-05-17,BENCH,Benchmark,150.65,152.01,147.56,148.91,148.88,1819338
2024-03-27,DELTA,Energy,74.11,76.71,72.44,75.02,75.01,1269218
2024-01-05,DELTA,Energy,68.17,71.94,67.29,71.02,71.01,1392639
2023-01-10,GAMMA,Healthcare,42.29,43.09,41.72,42.51,42.51,1774159
2024-03-12,BETA,Finance,66.85,68.82,66.02,67.97,67.96,1310795
2024-09-13,GAMMA,Healthcare,51.95,52.86,50.83,51.73,51.72,1353861
2023-01-06,ALPHA,Technology,85.66,88.49,84.66,87.47,87.47,2155458
2023-02-10,GAMMA,Healthcare,41.82,42.48,41.11,41.78,41.78,1353887
2023-01-05,GAMMA,Healthcare,40.88,41.47,40.30,40.89,40.89,1553954
2023-06-08,ALPHA,Technology,90.29,92.20,88.41,90.31,90.31,2323451
2024-01-24,GAMMA,Healthcare,40.43,40.92,39.98,40.47,40.47,1407322
2024-10-21,OMEGA,Consumer,106.79,109.19,105.71,108.10,108.08,1639660
2024-02-14,BETA,Finance,71.37,71.96,69.49,70.07,70.06,1727863
2024-02-07,ALPHA,Technology,99.22,100.88,97.65,99.31,99.30,1348860
2023-07-03,BENCH,Benchmark,114.43,116.20,113.55,115.31,115.30,1422926
2023-10-24,OMEGA,Consumer,101.41,103.99,100.37,102.94,102.93,1393180
2023-07-13,ALPHA,Technology,70.98,71.98,69.90,70.90,70.90,1415916
2023-05-31,GAMMA,Healthcare,42.48,43.16,41.71,42.39,42.39,1445361
2024-03-14,BETA,Finance,69.37,70.89,68.74,70.25,70.24,2266893
2024-08-29,BETA,Finance,57.76,58.39,55.73,56.35,56.34,1377884
2024-10-11,ALPHA,Technology,104.51,105.87,101.24,102.57,102.55,1521980
2024-08-22,GAMMA,Healthcare,54.85,55.48,53.42,54.04,54.03,1740154
2023-07-19,ALPHA,Technology,79.08,80.17,78.51,79.58,79.58,1311189
2023-12-25,DELTA,Energy,67.92,70.41,67.05,69.53,69.52,1249712
2023-03-07,ALPHA,Technology,102.74,104.17,100.38,101.79,101.79,1689987
2024-01-31,DELTA,Energy,71.08,72.01,68.77,69.68,69.67,1320140
2023-04-06,BETA,Finance,85.95,88.61,85.59,88.24,88.24,1368146
2024-10-22,ALPHA,Technology,107.92,108.86,100.72,101.61,101.59,1697095
2023-04-04,DELTA,Energy,81.31,82.57,79.86,81.11,81.10,1352631
2024-05-15,BETA,Finance,69.72,70.64,69.19,70.11,70.10,1407050
2024-12-04,GAMMA,Healthcare,62.45,63.55,61.02,62.11,62.10,1633068
2023-07-03,OMEGA,Consumer,75.87,78.11,74.44,76.66,76.66,1435780
2023-08-09,DELTA,Energy,63.15,65.08,62.10,64.01,64.01,1536303
2024-07-16,GAMMA,Healthcare,56.49,57.77,55.43,56.71,56.70,1318698
2024-05-10,OMEGA,Consumer,116.20,117.29,113.94,115.01,114.99,1262283
2024-08-06,BETA,Finance,59.56,60.31,58.46,59.20,59.19,1950597
2023-05-16,ALPHA,Technology,111.38,113.47,109.65,111.73,111.72,1600862
2023-04-28,ALPHA,Technology,107.48,108.89,104.31,105.69,105.69,1285095
2024-11-05,OMEGA,Consumer,104.74,106.37,102.99,104.62,104.60,1893209
2024-01-26,GAMMA,Healthcare,40.39,40.78,39.84,40.22,40.21,1471951
2024-02-21,OMEGA,Consumer,111.96,113.12,110.84,111.99,111.98,1482303
2023-09-08,BETA,Finance,69.95,70.86,69.45,70.36,70.36,1461779
2024-03-11,GAMMA,Healthcare,42.87,43.73,41.47,42.32,42.31,1712466
2023-11-09,OMEGA,Consumer,99.43,101.67,98.20,100.44,100.43,1677878
2024-03-14,ALPHA,Technology,98.81,100.18,96.64,98.00,97.99,1419685
2023-03-01,OMEGA,Consumer,73.18,74.40,72.51,73.72,73.72,1383913
2024-01-16,BETA,Finance,78.55,79.70,74.60,75.71,75.70,1222613
2023-06-13,ALPHA,Technology,90.07,91.72,88.55,90.19,90.19,1544327
2024-01-09,GAMMA,Healthcare,44.64,45.27,42.98,43.61,43.60,1440941
2023-10-12,BETA,Finance,84.52,85.10,83.18,83.75,83.74,1563496
2023-11-13,BENCH,Benchmark,141.09,142.13,138.40,139.44,139.42,1821303
2024-04-12,DELTA,Energy,68.56,69.59,66.15,67.15,67.14,1719851
2024-11-15,DELTA,Energy,90.08,94.45,88.27,92.60,92.58,1287924
2024-01-30,ALPHA,Technology,104.06,106.49,100.46,102.87,102.85,1800914
2024-02-19,BETA,Finance,68.55,69.41,67.10,67.96,67.95,1315918
2023-09-12,BETA,Finance,71.70,74.33,70.94,73.54,73.54,1341919
2024-09-27,ALPHA,Technology,104.13,105.88,102.66,104.41,104.38,1875444
2023-11-22,DELTA,Energy,68.70,69.70,67.20,68.19,68.19,1432407
2023-06-06,BETA,Finance,79.18,79.53,78.64,78.99,78.99,1293730
2023-02-15,DELTA,Energy,61.83,62.20,61.06,61.43,61.43,1355907
2024-11-07,OMEGA,Consumer,104.99,106.45,103.40,104.85,104.83,1457326
2024-01-08,ALPHA,Technology,107.71,109.91,103.56,105.72,105.70,1445704
2024-11-22,ALPHA,Technology,122.27,124.61,121.01,123.34,123.32,1345652
2023-07-03,GAMMA,Healthcare,41.21,42.33,40.52,41.63,41.63,1302708
2023-01-10,BETA,Finance,63.06,63.62,61.67,62.22,62.22,1634714
2023-11-21,DELTA,Energy,68.28,69.72,67.08,68.51,68.51,1393042
2024-08-13,DELTA,Energy,85.10,86.72,83.26,84.88,84.87,1228235
2024-02-01,BETA,Finance,73.14,73.64,71.75,72.25,72.24,1949689
2023-04-19,GAMMA,Healthcare,53.30,54.65,52.56,53.90,53.90,1592308
2024-12-25,GAMMA,Healthcare,65.18,65.90,64.13,64.84,64.83,1807322
2024-01-25,OMEGA,Consumer,109.81,111.76,106.36,108.29,108.27,1497220
2023-11-07,BENCH,Benchmark,141.50,142.89,140.89,142.27,142.26,1676076
2023-01-17,ALPHA,Technology,87.90,91.43,86.25,89.75,89.75,1713367
2023-12-01,BETA,Finance,77.11,77.97,75.07,75.91,75.90,1338334
2024-10-30,OMEGA,Consumer,108.61,110.56,104.34,106.24,106.22,1299239
2023-04-24,OMEGA,Consumer,79.77,82.06,78.35,80.62,80.62,1265766
2023-02-10,DELTA,Energy,62.83,63.95,61.69,62.81,62.81,1160957
2024-09-24,ALPHA,Technology,104.08,105.72,98.87,100.45,100.43,1620693
2023-07-27,BETA,Finance,59.20,59.92,58.15,58.88,58.87,1333495
2023-01-06,BETA,Finance,62.25,63.88,61.79,63.40,63.40,1334630
2023-07-27,ALPHA,Technology,77.10,78.94,75.76,77.59,77.58,1309819
2024-06-19,BENCH,Benchmark,158.60,160.66,157.02,159.07,159.05,1381171
2024-06-06,OMEGA,Consumer,121.84,123.68,117.82,119.63,119.61,1544333
2024-09-06,OMEGA,Consumer,104.67,105.70,101.93,102.94,102.92,1640150
2023-10-03,ALPHA,Technology,106.43,108.77,105.32,107.64,107.64,1444142
2023-03-27,OMEGA,Consumer,82.56,83.90,81.59,82.93,82.93,1356680
2024-09-23,DELTA,Energy,70.97,72.60,69.52,71.15,71.13,1495017
2023-07-20,OMEGA,Consumer,83.69,85.56,82.59,84.45,84.45,1720105
2024-12-13,BENCH,Benchmark,173.22,174.67,171.43,172.88,172.84,1391080
2024-04-18,BETA,Finance,71.03,72.90,70.02,71.87,71.86,2353508
2023-08-14,OMEGA,Consumer,84.16,85.24,83.02,84.10,84.09,1270532
2024-01-23,BENCH,Benchmark,127.12,128.21,125.07,126.15,126.14,1467514
2024-02-16,DELTA,Energy,73.13,74.29,70.68,71.81,71.81,1343297
2024-02-01,BENCH,Benchmark,123.77,124.37,122.05,122.64,122.62,1400058
2024-06-21,DELTA,Energy,92.74,95.66,89.28,92.18,92.16,1140718
2023-07-11,BENCH,Benchmark,110.70,111.73,109.95,110.97,110.97,2351943
2023-09-13,ALPHA,Technology,105.16,106.35,102.18,103.35,103.34,1698131
2024-02-26,GAMMA,Healthcare,43.06,43.49,42.46,42.89,42.89,1674916
2023-09-14,GAMMA,Healthcare,46.94,48.10,46.25,47.40,47.39,1808285
2024-07-09,GAMMA,Healthcare,54.97,56.72,54.24,55.98,55.97,1296841
2024-09-10,BETA,Finance,54.89,55.92,54.25,55.27,55.26,1618400
2023-05-04,BENCH,Benchmark,134.61,136.81,133.36,135.55,135.55,1818403
2023-05-11,DELTA,Energy,76.89,78.17,74.47,75.74,75.73,1792794
2024-05-17,BETA,Finance,70.13,70.81,68.41,69.08,69.07,1233666
2023-01-09,ALPHA,Technology,87.75,88.85,85.51,86.60,86.60,1762896
2023-09-21,BETA,Finance,80.43,80.96,78.50,79.01,79.01,1303176
2024-07-17,BETA,Finance,66.57,67.25,65.25,65.92,65.91,1210464
2023-04-24,DELTA,Energy,84.57,86.24,83.54,85.20,85.20,1744219
2023-01-05,BENCH,Benchmark,100.92,101.92,99.92,100.93,100.93,2297779
2024-09-18,OMEGA,Consumer,102.07,102.65,99.21,99.78,99.76,1197795
2024-11-19,BETA,Finance,68.40,69.32,67.89,68.81,68.79,1388720
2024-04-26,OMEGA,Consumer,106.29,108.22,104.50,106.42,106.40,1912841
2024-02-16,GAMMA,Healthcare,42.26,42.76,41.72,42.22,42.22,1872857
2024-02-21,GAMMA,Healthcare,41.71,42.76,41.18,42.23,42.22,1458599
2024-12-24,OMEGA,Consumer,110.37,111.80,106.63,108.02,108.00,1333929
2023-08-24,DELTA,Energy,65.70,66.68,64.05,65.02,65.02,1429312
2023-05-02,GAMMA,Healthcare,50.41,51.61,50.02,51.22,51.22,1759704
2024-05-01,DELTA,Energy,76.30,79.11,74.77,77.56,77.55,1596604
2024-04-11,BENCH,Benchmark,141.37,142.19,139.90,140.72,140.69,1354495
2023-03-13,GAMMA,Healthcare,41.96,42.91,41.42,42.37,42.37,1817875
2023-01-13,GAMMA,Healthcare,41.11,42.34,40.50,41.72,41.72,1243421
2023-07-12,OMEGA,Consumer,76.48,77.59,74.57,75.67,75.66,1546275
2023-06-28,GAMMA,Healthcare,41.00,41.73,40.14,40.86,40.86,1221848
2023-03-10,BETA,Finance,72.18,73.66,71.30,72.78,72.78,1309772
2023-07-05,GAMMA,Healthcare,41.81,42.39,41.33,41.92,41.91,1522926
2024-04-16,BENCH,Benchmark,141.89,142.86,140.65,141.61,141.59,2074131
2024-06-12,BENCH,Benchmark,157.69,158.67,155.77,156.74,156.72,1749952
2024-02-20,ALPHA,Technology,99.07,100.56,95.24,96.70,96.69,1338001
2024-07-15,ALPHA,Technology,141.52,143.85,135.48,137.75,137.72,1573989
2024-10-21,GAMMA,Healthcare,55.08,55.34,54.37,54.63,54.61,1876967
2024-09-30,OMEGA,Consumer,99.74,101.42,97.89,99.56,99.54,1403014
2023-01-26,BENCH,Benchmark,103.15,104.09,102.04,102.97,102.97,2179689
2023-02-06,BENCH,Benchmark,102.57,103.50,101.58,102.51,102.51,1776920
2024-08-29,GAMMA,Healthcare,52.14,53.02,51.48,52.35,52.34,1667109
2024-07-10,BENCH,Benchmark,156.56,157.73,153.46,154.61,154.58,2552446
2023-07-26,BENCH,Benchmark,108.95,110.40,107.93,109.38,109.37,1725965
2024-09-25,GAMMA,Healthcare,49.97,50.72,48.09,48.83,48.82,1817007
2024-01-30,DELTA,Energy,72.59,73.66,70.02,71.06,71.06,1202245
2023-08-08,OMEGA,Consumer,85.85,86.92,84.23,85.29,85.28,1642662
2024-10-23,OMEGA,Consumer,107.10,108.63,106.09,107.61,107.59,1396366
2024-08-15,ALPHA,Technology,108.48,110.46,105.54,107.50,107.48,1924510
2024-04-03,BETA,Finance,74.96,75.40,74.46,74.89,74.88,1525781
2023-03-01,BETA,Finance,66.92,68.64,66.35,68.06,68.06,1306924
2024-04-18,DELTA,Energy,68.02,69.37,66.62,67.97,67.96,1663820
2024-07-19,BETA,Finance,64.66,65.16,63.23,63.73,63.72,1232499
2023-04-05,BENCH,Benchmark,130.48,132.06,129.12,130.70,130.70,1971053
2024-04-11,GAMMA,Healthcare,41.95,43.76,41.30,43.10,43.09,1719198
2024-08-27,BENCH,Benchmark,136.20,137.68,134.77,136.25,136.22,1502267
2023-05-30,BETA,Finance,83.47,84.55,82.24,83.32,83.32,1255549
2023-06-05,DELTA,Energy,79.86,81.10,78.14,79.37,79.37,1504030
2023-03-13,BENCH,Benchmark,117.32,120.78,116.16,119.60,119.60,1797888
2024-08-21,ALPHA,Technology,105.96,107.55,103.07,104.64,104.62,1675523
2023-04-28,BETA,Finance,90.86,91.54,89.47,90.14,90.14,1642960
2024-03-04,ALPHA,Technology,87.08,90.86,85.90,89.64,89.63,1281860
2023-03-14,OMEGA,Consumer,75.97,76.74,73.49,74.24,74.24,1299533
2024-03-06,BETA,Finance,68.48,69.24,66.74,67.50,67.49,2192498
2023-03-03,DELTA,Energy,60.49,62.01,59.32,60.84,60.84,1287177
2023-03-21,OMEGA,Consumer,80.00,80.95,79.27,80.22,80.22,1335693
2024-03-06,DELTA,Energy,71.12,72.52,69.07,70.45,70.45,1566604
2024-02-26,BETA,Finance,67.93,68.69,67.15,67.91,67.90,1877833
2024-07-19,ALPHA,Technology,134.77,137.02,128.80,130.98,130.96,2353667
2024-05-30,DELTA,Energy,84.11,85.99,81.98,83.85,83.84,1242440
2024-11-26,BETA,Finance,71.67,72.20,69.08,69.60,69.58,1769715
2024-10-02,GAMMA,Healthcare,49.67,50.27,48.38,48.98,48.97,1404243
2023-10-10,BENCH,Benchmark,143.63,146.91,142.44,145.70,145.69,1621403
2024-06-07,GAMMA,Healthcare,50.00,50.48,49.21,49.69,49.68,1959843
2023-03-17,GAMMA,Healthcare,42.57,44.11,42.01,43.53,43.53,1302928
2024-07-04,ALPHA,Technology,141.77,145.93,139.31,143.45,143.42,1757798
2024-03-20,BENCH,Benchmark,132.88,134.92,131.94,133.97,133.95,2101772
2023-06-13,GAMMA,Healthcare,42.54,43.12,41.82,42.40,42.40,1739675
2024-12-11,BENCH,Benchmark,172.50,174.40,169.46,171.34,171.30,2531300
2024-11-05,ALPHA,Technology,103.75,108.77,101.82,106.78,106.76,1480625
2023-01-25,OMEGA,Consumer,70.59,71.71,69.14,70.26,70.26,1276094
2023-03-09,BETA,Finance,71.05,72.85,70.24,72.04,72.04,1284457
2024-07-18,DELTA,Energy,99.07,100.55,96.86,98.33,98.31,1315300
2023-06-09,DELTA,Energy,78.06,79.93,75.14,76.99,76.99,1610732
2024-12-31,DELTA,Energy,95.98,97.39,93.42,94.81,94.79,1235676
2023-07-18,GAMMA,Healthcare,40.76,41.51,39.96,40.72,40.71,1845846
2023-03-20,OMEGA,Consumer,79.61,81.08,78.93,80.40,80.40,1551531
2024-04-18,BENCH,Benchmark,141.54,142.34,141.01,141.81,141.79,1807508
2024-02-23,OMEGA,Consumer,113.78,115.09,110.84,112.13,112.12,2017304
2023-05-30,OMEGA,Consumer,79.20,79.66,76.15,76.60,76.60,1321007
2024-03-27,OMEGA,Consumer,104.03,105.26,102.98,104.20,104.19,1205030
2024-11-15,OMEGA,Consumer,106.84,107.90,105.36,106.41,106.38,1447787
2024-04-24,OMEGA,Consumer,106.06,109.55,104.32,107.79,107.77,1225718
2023-04-19,OMEGA,Consumer,81.68,82.22,80.40,80.94,80.94,1329609
2023-09-13,BENCH,Benchmark,135.12,136.80,133.93,135.60,135.59,2099322
2024-01-08,BETA,Finance,80.07,81.01,78.64,79.58,79.57,1487736
2023-04-03,DELTA,Energy,80.62,83.35,78.84,81.55,81.55,1150013
2024-08-23,GAMMA,Healthcare,53.85,54.52,53.35,54.02,54.01,1750700
2024-01-24,ALPHA,Technology,106.47,107.57,105.21,106.32,106.30,2414558
2023-11-15,BETA,Finance,78.88,79.85,77.91,78.88,78.87,1180432
2023-01-24,OMEGA,Consumer,73.39,74.36,70.12,71.06,71.06,1384284
2024-10-07,OMEGA,Consumer,100.30,102.93,98.73,101.34,101.32,1813029
2024-01-19,BETA,Finance,76.06,76.60,73.73,74.26,74.25,1911304
2023-02-27,BENCH,Benchmark,110.68,112.03,109.59,110.94,110.94,2131155
2024-10-10,BETA,Finance,60.32,60.94,58.64,59.24,59.23,1312206
2024-05-29,BETA,Finance,65.92,66.94,64.92,65.94,65.93,1195996
2023-11-10,ALPHA,Technology,105.05,106.22,103.81,104.99,104.98,1359302
2023-08-08,BENCH,Benchmark,111.30,112.63,109.40,110.71,110.70,1582789
2024-11-14,BETA,Finance,66.02,68.97,65.27,68.20,68.19,1541777
2024-09-25,DELTA,Energy,73.60,74.75,71.59,72.73,72.72,1214946
2024-02-22,ALPHA,Technology,97.28,97.93,96.49,97.15,97.14,1752939
2023-07-07,BETA,Finance,62.26,63.16,60.37,61.26,61.26,1286663
2023-04-24,BETA,Finance,88.96,93.23,87.67,91.89,91.89,1323193
2024-07-23,OMEGA,Consumer,113.06,114.36,112.37,113.66,113.64,1281409
2024-09-04,OMEGA,Consumer,103.57,106.91,102.15,105.47,105.45,1300078
2024-12-27,ALPHA,Technology,132.31,134.64,130.77,133.10,133.07,1424390
2023-10-03,GAMMA,Healthcare,46.87,48.23,46.17,47.52,47.52,1358756
2024-06-03,OMEGA,Consumer,119.39,125.45,117.92,123.92,123.90,1520572
2024-03-06,ALPHA,Technology,90.30,92.29,88.66,90.65,90.64,1356670
2024-09-16,OMEGA,Consumer,100.46,101.69,98.66,99.88,99.86,1681494
2024-09-23,OMEGA,Consumer,100.97,102.57,98.31,99.89,99.87,1233392
2024-07-03,DELTA,Energy,96.07,97.55,94.59,96.07,96.05,1136336
2024-01-15,DELTA,Energy,67.10,70.54,66.40,69.82,69.81,1343194
2024-02-06,OMEGA,Consumer,110.25,112.46,108.78,110.98,110.97,1697444
2024-04-02,OMEGA,Consumer,106.36,109.72,105.04,108.38,108.36,1274833
2024-04-04,GAMMA,Healthcare,43.31,43.77,41.95,42.40,42.39,1395613
2024-11-06,DELTA,Energy,92.64,94.51,91.61,93.47,93.45,1659857
2024-12-05,BETA,Finance,71.03,71.94,69.16,70.05,70.03,1198944
2024-10-10,ALPHA,Technology,103.34,106.07,100.87,103.60,103.57,2289836
2023-09-22,GAMMA,Healthcare,44.89,46.11,44.17,45.38,45.38,1682186
2024-06-10,GAMMA,Healthcare,49.87,51.74,49.49,51.35,51.34,1974878
2024-01-08,GAMMA,Healthcare,43.52,44.67,43.00,44.14,44.14,1648492
2024-01-10,BETA,Finance,79.40,80.67,78.75,80.02,80.01,1446373
2023-10-05,OMEGA,Consumer,95.97,99.60,94.91,98.52,98.51,1862825
2023-08-30,DELTA,Energy,69.14,70.20,67.45,68.50,68.50,1314209
2023-08-04,GAMMA,Healthcare,39.10,40.08,38.57,39.55,39.54,1390932
2024-01-31,BENCH,Benchmark,125.34,126.56,122.34,123.55,123.54,1354894
2023-10-03,OMEGA,Consumer,92.30,95.42,91.07,94.17,94.16,1543397
2024-12-02,ALPHA,Technology,123.30,127.18,121.56,125.40,125.37,2020737
2023-08-28,BENCH,Benchmark,121.79,123.68,121.22,123.10,123.09,2070573
2023-10-05,GAMMA,Healthcare,49.24,49.90,47.44,48.08,48.07,1535994
2023-04-17,GAMMA,Healthcare,53.78,54.61,53.01,53.85,53.84,1468135
2024-05-31,BENCH,Benchmark,155.58,157.66,154.69,156.76,156.74,1463550
2023-09-06,BENCH,Benchmark,130.75,131.64,129.51,130.40,130.39,1900861
2023-12-18,GAMMA,Healthcare,46.24,47.12,45.71,46.58,46.58,1260305
2024-05-28,OMEGA,Consumer,116.95,119.11,112.45,114.57,114.55,1209435
2024-05-14,BENCH,Benchmark,149.04,151.11,148.36,150.42,150.39,2540996
2023-07-10,BETA,Finance,61.32,62.16,59.61,60.44,60.43,1789144
2024-12-27,DELTA,Energy,94.59,96.18,91.25,92.80,92.78,1167686
2023-03-22,BENCH,Benchmark,125.84,126.92,125.19,126.27,126.27,2950233
2024-07-30,ALPHA,Technology,125.73,127.20,121.50,122.93,122.90,1969558
2023-04-26,DELTA,Energy,85.46,89.79,84.07,88.35,88.34,2095194
2024-06-03,GAMMA,Healthcare,49.74,50.41,48.72,49.39,49.38,1304641
2023-10-26,OMEGA,Consumer,102.44,103.59,98.54,99.66,99.65,1909776
2024-08-20,OMEGA,Consumer,110.29,111.60,108.59,109.90,109.88,2076796
2023-01-18,BENCH,Benchmark,103.11,105.21,102.04,104.13,104.13,2224905
2023-08-28,BETA,Finance,63.64,66.57,63.16,66.07,66.07,1595824
2023-01-20,OMEGA,Consumer,71.04,72.43,70.37,71.76,71.76,1564685
2023-10-16,BENCH,Benchmark,146.26,147.72,144.66,146.11,146.10,1478305
2023-02-06,OMEGA,Consumer,66.56,68.06,66.01,67.50,67.50,1364672
2024-10-25,BENCH,Benchmark,153.07,155.42,151.71,154.05,154.02,1913744
2023-10-10,DELTA,Energy,79.14,81.20,78.13,80.18,80.17,1220302
2023-05-31,ALPHA,Technology,99.62,101.62,93.63,95.55,95.55,1619180
2024-05-10,BETA,Finance,68.58,69.19,66.85,67.45,67.44,1293999
2023-03-16,BETA,Finance,73.75,76.35,73.02,75.60,75.60,1332057
2023-06-30,OMEGA,Consumer,74.93,76.14,74.09,75.30,75.30,1471874
2024-09-16,GAMMA,Healthcare,51.39,52.00,49.74,50.33,50.32,1369785
2023-02-17,DELTA,Energy,60.60,62.43,60.29,62.10,62.10,1357777
2023-11-28,BETA,Finance,77.14,79.69,76.23,78.76,78.75,1683047
2024-05-31,ALPHA,Technology,133.42,137.47,132.17,136.20,136.18,1325060
2024-04-11,ALPHA,Technology,108.58,110.37,103.58,105.31,105.29,1597117
2023-06-15,ALPHA,Technology,88.88,90.29,85.07,86.45,86.44,1836577
2024-01-26,DELTA,Energy,72.98,74.91,71.83,73.75,73.74,1203767
2024-07-11,BETA,Finance,67.45,67.71,67.14,67.41,67.40,1160969
2023-01-05,OMEGA,Consumer,71.01,73.15,70.45,72.58,72.58,1221668
2023-07-14,OMEGA,Consumer,76.86,78.72,76.03,77.88,77.87,1807580
2024-08-28,ALPHA,Technology,102.97,105.59,102.06,104.66,104.65,1635112
2024-06-21,ALPHA,Technology,140.65,142.83,136.93,139.09,139.07,1500400
2024-10-17,ALPHA,Technology,108.27,110.09,105.84,107.64,107.62,1745828
2023-02-28,GAMMA,Healthcare,41.72,42.48,41.29,42.06,42.06,2004393
2024-02-21,BENCH,Benchmark,127.55,129.51,126.94,128.90,128.88,2362874
2023-09-25,DELTA,Energy,68.61,70.45,67.40,69.23,69.23,1413126
2023-09-07,BENCH,Benchmark,130.63,131.80,130.17,131.34,131.33,1642083
2023-12-12,DELTA,Energy,68.16,70.73,67.08,69.62,69.62,1147404
2024-01-02,BENCH,Benchmark,135.05,136.11,132.13,133.18,133.16,2627701
2023-02-06,DELTA,Energy,57.56,59.59,56.01,58.03,58.03,1928618
2024-03-19,OMEGA,Consumer,108.00,108.73,105.54,106.26,106.25,1650458
2024-01-10,ALPHA,Technology,110.76,112.98,105.33,107.48,107.47,1495620
2023-02-13,ALPHA,Technology,90.46,92.65,89.13,91.32,91.32,1516565
2024-05-21,BETA,Finance,68.04,69.48,66.89,68.33,68.32,1422987
2024-02-26,DELTA,Energy,72.74,73.59,71.79,72.63,72.63,1681266
2023-08-11,OMEGA,Consumer,85.50,86.48,83.26,84.23,84.22,1312504
2024-08-16,DELTA,Energy,83.92,84.98,80.49,81.53,81.51,2004709
2023-03-22,OMEGA,Consumer,80.31,82.35,79.06,81.09,81.09,1511241
2023-12-20,BENCH,Benchmark,138.59,139.50,136.88,137.78,137.77,1724943
2024-04-09,OMEGA,Consumer,103.30,103.73,102.17,102.59,102.57,1202647
2024-12-19,BETA,Finance,74.90,75.25,73.52,73.87,73.85,1341029
2024-10-03,ALPHA,Technology,105.56,106.87,101.52,102.79,102.77,1403176
2023-09-06,BETA,Finance,69.08,69.62,68.32,68.86,68.86,1309474
2023-06-05,GAMMA,Healthcare,43.68,44.38,42.16,42.85,42.85,1328467
2023-07-28,BENCH,Benchmark,108.43,109.32,106.93,107.81,107.81,1370610
2023-10-06,BENCH,Benchmark,140.86,144.58,139.57,143.27,143.25,1589890
2024-12-03,GAMMA,Healthcare,62.44,63.30,61.53,62.39,62.38,1513937
2023-10-27,GAMMA,Healthcare,46.05,46.89,44.03,44.85,44.85,1774268
2023-05-26,OMEGA,Consumer,78.93,82.15,78.07,81.27,81.26,1546247
2024-09-20,BENCH,Benchmark,135.82,137.00,133.71,134.89,134.86,1491452
2024-09-09,BETA,Finance,55.13,55.92,54.49,55.28,55.27,1257933
2023-04-20,BETA,Finance,89.90,91.03,88.56,89.69,89.69,1711390
2024-12-20,ALPHA,Technology,129.58,132.83,127.32,130.56,130.53,2174036
2023-01-03,GAMMA,Healthcare,41.83,42.29,41.31,41.77,41.77,1633329
2023-10-13,GAMMA,Healthcare,47.75,48.58,47.07,47.90,47.89,1300784
2024-03-01,BETA,Finance,66.87,68.52,65.86,67.50,67.49,1337127
2024-08-01,DELTA,Energy,101.96,102.99,97.69,98.69,98.67,1575422
2023-12-13,OMEGA,Consumer,102.32,103.30,99.94,100.91,100.90,2137518
2023-12-27,DELTA,Energy,69.44,71.89,68.22,70.65,70.64,1134726
2023-01-18,GAMMA,Healthcare,41.24,41.86,40.49,41.11,41.11,1356500
2023-09-25,BETA,Finance,78.96,81.13,77.99,80.16,80.15,1178520
2023-12-01,OMEGA,Consumer,97.41,98.26,96.27,97.13,97.12,1472251
2024-03-15,BETA,Finance,70.69,71.75,68.76,69.82,69.81,1308282
2024-08-26,BENCH,Benchmark,136.28,137.49,135.37,136.58,136.56,1478404
2024-12-16,ALPHA,Technology,121.58,124.24,119.54,122.18,122.15,1878231
2024-10-30,GAMMA,Healthcare,58.15,58.91,56.24,56.99,56.98,1513786
2023-06-28,BENCH,Benchmark,114.42,116.68,113.65,115.90,115.89,1801932
2023-06-22,ALPHA,Technology,81.87,84.79,80.44,83.34,83.34,1616462
2024-12-17,ALPHA,Technology,122.59,126.97,120.74,125.08,125.05,1849384
2024-07-18,BENCH,Benchmark,154.58,155.82,152.68,153.91,153.89,1450017
2024-09-17,BETA,Finance,55.57,56.31,55.10,55.84,55.83,1235446
2023-08-29,BENCH,Benchmark,123.06,125.27,121.65,123.85,123.84,1637709
2023-04-25,BETA,Finance,92.12,93.32,91.17,92.37,92.37,1349573
2024-04-16,BETA,Finance,71.92,73.39,70.83,72.30,72.29,1527259
2024-12-23,GAMMA,Healthcare,65.36,66.13,63.95,64.71,64.70,1552764
2023-09-11,BETA,Finance,69.77,72.74,69.00,71.95,71.95,1405914
2023-11-02,GAMMA,Healthcare,44.65,45.18,43.06,43.57,43.57,2205250
2023-11-01,GAMMA,Healthcare,44.32,44.78,43.96,44.42,44.41,1316421
2023-08-11,ALPHA,Technology,81.97,83.45,80.51,81.99,81.99,1566420
2024-01-16,OMEGA,Consumer,108.48,111.98,106.58,110.05,110.03,1308707
2023-11-01,ALPHA,Technology,102.14,104.70,100.59,103.14,103.13,1425116
2023-08-22,GAMMA,Healthcare,42.38,44.87,41.63,44.09,44.08,1455144
2024-02-22,BENCH,Benchmark,129.01,130.41,127.91,129.32,129.30,2219670
2024-03-08,DELTA,Energy,70.03,71.27,68.68,69.92,69.91,1303780
2024-03-22,DELTA,Energy,73.93,74.93,71.82,72.80,72.79,1699637
2024-10-21,BENCH,Benchmark,150.66,152.19,148.94,150.48,150.45,1364972
2024-10-14,ALPHA,Technology,103.30,105.03,101.53,103.26,103.23,1409190
2023-01-27,BETA,Finance,63.70,64.35,62.73,63.38,63.38,1563545
2023-12-07,ALPHA,Technology,102.12,102.95,98.94,99.75,99.74,1749740
2024-07-15,DELTA,Energy,99.38,101.42,98.47,100.51,100.49,1189659
2023-08-17,DELTA,Energy,66.88,68.72,65.84,67.67,67.66,1377180
2024-01-30,OMEGA,Consumer,109.57,113.02,108.18,111.61,111.60,1618353
2023-05-02,BETA,Finance,90.61,93.64,89.56,92.56,92.56,1480536
2023-09-13,OMEGA,Consumer,94.34,96.39,93.16,95.20,95.19,1305462
2024-08-20,ALPHA,Technology,106.79,108.87,104.26,106.32,106.30,1625354
2023-06-12,OMEGA,Consumer,75.32,75.93,74.48,75.09,75.09,1542714
2023-01-18,DELTA,Energy,62.47,64.50,61.15,63.16,63.16,1769978
2023-07-26,OMEGA,Consumer,87.14,88.56,86.33,87.75,87.74,1634981
2023-04-18,BENCH,Benchmark,133.16,134.37,131.87,133.07,133.07,1390141
2023-07-31,DELTA,Energy,62.50,63.67,60.35,61.50,61.50,1303359
2023-03-28,DELTA,Energy,76.64,77.56,75.35,76.26,76.26,1204655
2024-02-02,BETA,Finance,72.32,72.96,71.48,72.12,72.11,1166049
2023-08-30,BETA,Finance,64.58,66.47,63.68,65.56,65.55,1377943
2023-11-22,BENCH,Benchmark,140.91,141.90,138.81,139.80,139.79,1715995
2024-02-28,DELTA,Energy,73.34,74.27,69.34,70.23,70.23,1396076
2023-08-01,ALPHA,Technology,76.97,78.69,74.47,76.16,76.16,1565789
2023-03-28,BENCH,Benchmark,129.61,131.32,128.13,129.84,129.84,1350373
2023-10-20,GAMMA,Healthcare,48.87,49.57,48.24,48.93,48.93,1885986
2023-10-27,BETA,Finance,79.26,79.87,78.41,79.01,79.00,1450352
2023-05-10,GAMMA,Healthcare,48.13,48.68,46.16,46.70,46.70,1505838
2024-10-02,OMEGA,Consumer,100.28,102.38,98.98,101.07,101.05,1337155
2023-12-25,GAMMA,Healthcare,44.51,44.76,43.82,44.07,44.07,1282469
2024-08-28,DELTA,Energy,79.16,80.94,76.69,78.45,78.44,1328244
2024-02-29,BETA,Finance,65.79,67.74,64.87,66.81,66.80,1316442
2024-06-04,ALPHA,Technology,139.31,141.57,137.07,139.33,139.31,1702430
2023-07-14,ALPHA,Technology,70.95,76.82,69.69,75.48,75.48,2250555
2023-10-02,OMEGA,Consumer,94.78,96.18,90.46,91.82,91.81,1808738
2023-05-15,GAMMA,Healthcare,45.25,46.38,44.86,45.99,45.99,1538908
2024-02-13,BENCH,Benchmark,127.29,128.14,125.63,126.48,126.47,1633690
2023-02-14,OMEGA,Consumer,69.29,70.37,66.13,67.18,67.18,1446806
2023-06-28,DELTA,Energy,68.13,70.72,66.60,69.18,69.17,1350050
2024-06-06,GAMMA,Healthcare,50.39,50.78,49.93,50.33,50.32,1626757
2024-02-09,BETA,Finance,74.70,75.03,73.05,73.37,73.36,1774641
2024-06-04,BETA,Finance,68.89,70.42,68.23,69.76,69.75,1312507
2024-09-24,BENCH,Benchmark,134.89,135.97,134.16,135.24,135.21,1473611
2024-02-28,ALPHA,Technology,89.77,92.47,88.56,91.23,91.22,1499684
2024-08-13,BETA,Finance,57.75,58.58,57.11,57.94,57.93,1511671
2023-05-29,BENCH,Benchmark,124.73,124.97,124.00,124.24,124.24,1676404
2023-12-06,BENCH,Benchmark,139.29,140.58,138.32,139.60,139.59,1676339
2023-04-25,ALPHA,Technology,107.00,109.21,104.17,106.36,106.36,1460941
2024-09-25,BETA,Finance,56.39,58.08,55.85,57.54,57.53,1731221
2024-05-20,DELTA,Energy,77.32,79.81,76.47,78.95,78.94,1216803
2024-04-11,BETA,Finance,73.50,74.49,72.78,73.76,73.75,1496317
2023-07-17,DELTA,Energy,64.87,66.84,63.70,65.65,65.65,1164371
2024-08-20,BENCH,Benchmark,136.85,138.83,135.48,137.45,137.42,1572623
2023-03-15,OMEGA,Consumer,74.60,77.63,73.78,76.78,76.78,1308038
2023-06-30,GAMMA,Healthcare,40.50,41.71,39.87,41.07,41.06,1256407
2023-09-07,BETA,Finance,69.21,70.83,68.24,69.85,69.85,1681575
2023-11-16,BENCH,Benchmark,140.35,141.84,139.07,140.56,140.55,1373251
2023-07-17,OMEGA,Consumer,77.63,80.39,76.87,79.62,79.62,2018529
2024-04-04,BETA,Finance,74.61,75.63,72.77,73.78,73.77,1403190
2023-08-18,DELTA,Energy,67.38,70.78,66.28,69.63,69.63,1259749
2024-08-09,OMEGA,Consumer,112.15,113.60,109.37,110.81,110.79,1204349
2023-03-14,BETA,Finance,72.58,74.58,72.06,74.04,74.04,1603737
2024-02-15,GAMMA,Healthcare,41.37,42.72,40.93,42.26,42.25,1768251
2024-09-13,ALPHA,Technology,105.33,106.84,101.85,103.34,103.32,1385756
2023-07-12,BENCH,Benchmark,111.06,112.28,109.14,110.35,110.34,2068729
2023-12-06,DELTA,Energy,68.12,71.48,66.52,69.84,69.84,1236837
2024-01-08,OMEGA,Consumer,107.17,109.92,105.53,108.26,108.25,1262286
2024-09-03,DELTA,Energy,75.04,76.36,73.57,74.90,74.88,1467721
2023-12-07,OMEGA,Consumer,98.63,101.82,97.24,100.40,100.39,1824915
2023-02-03,OMEGA,Consumer,66.23,68.14,65.29,67.17,67.17,2294567
2023-03-20,BETA,Finance,76.26,76.77,75.72,76.23,76.23,1551108
2023-06-08,BENCH,Benchmark,117.95,119.18,117.39,118.61,118.61,1434180
2024-07-11,DELTA,Energy,99.20,100.81,95.59,97.17,97.15,1571858
2024-03-14,GAMMA,Healthcare,42.86,43.22,42.27,42.62,42.62,2118358
2024-10-09,BENCH,Benchmark,145.79,146.82,144.48,145.50,145.47,2137131
2024-05-07,BENCH,Benchmark,145.16,147.08,144.50,146.41,146.39,1670590
2023-04-10,GAMMA,Healthcare,51.27,53.02,50.42,52.15,52.15,1354669
2023-05-03,OMEGA,Consumer,77.13,79.23,76.15,78.24,78.24,1294538
2024-07-02,DELTA,Energy,99.89,101.35,95.28,96.69,96.67,1721641
2023-01-23,GAMMA,Healthcare,40.44,41.80,39.75,41.09,41.09,1678651
2023-11-03,BENCH,Benchmark,141.97,143.91,140.53,142.47,142.46,1855806
2023-03-20,ALPHA,Technology,104.00,106.20,102.11,104.30,104.30,1736584
2023-08-01,GAMMA,Healthcare,37.68,38.94,37.17,38.42,38.42,1477599
2023-07-18,BENCH,Benchmark,108.12,109.92,107.29,109.08,109.07,1436110
2023-09-06,ALPHA,Technology,98.38,100.79,96.83,99.23,99.23,1606891
2024-11-13,BENCH,Benchmark,161.24,165.66,160.15,164.54,164.51,1780002
2024-04-10,BENCH,Benchmark,141.59,142.80,139.89,141.09,141.07,1966832
2024-05-30,GAMMA,Healthcare,48.94,50.29,48.50,49.84,49.83,1294987
2023-08-11,GAMMA,Healthcare,41.11,42.91,40.52,42.31,42.31,1449757
2023-12-08,DELTA,Energy,68.11,69.50,67.49,68.88,68.87,1202498
2024-10-29,OMEGA,Consumer,109.86,110.99,107.57,108.68,108.66,1454259
2023-04-17,OMEGA,Consumer,83.15,84.34,81.72,82.91,82.91,1196305
2024-09-10,BENCH,Benchmark,139.71,140.64,138.15,139.08,139.05,1412994
2024-11-21,BETA,Finance,70.62,71.38,70.04,70.80,70.79,1874704
2023-10-23,DELTA,Energy,79.90,81.14,78.66,79.90,79.89,1429187
2024-11-22,BETA,Finance,70.31,72.16,69.47,71.30,71.29,1564477
2024-07-23,ALPHA,Technology,132.33,133.19,124.41,125.22,125.20,1799890
2024-07-10,GAMMA,Healthcare,55.81,57.10,55.14,56.43,56.42,1319600
2023-01-03,OMEGA,Consumer,72.12,73.41,69.17,70.43,70.43,1312554
2023-12-05,DELTA,Energy,68.26,69.32,67.09,68.15,68.14,1439822
2023-06-29,ALPHA,Technology,81.02,82.32,79.26,80.55,80.55,1328403
2023-03-01,GAMMA,Healthcare,41.94,42.54,40.99,41.59,41.59,1546778
2024-07-16,ALPHA,Technology,137.90,139.65,133.49,135.21,135.18,1820712
2024-05-21,GAMMA,Healthcare,47.90,48.40,45.88,46.36,46.36,1398541
2023-08-24,GAMMA,Healthcare,44.68,45.14,44.06,44.51,44.51,1288540
2024-12-11,GAMMA,Healthcare,62.99,64.48,62.07,63.56,63.54,2070976
2023-06-26,GAMMA,Healthcare,40.89,41.22,40.19,40.51,40.51,1339489
2023-04-10,OMEGA,Consumer,83.75,85.17,82.97,84.39,84.39,1308664
2024-11-04,GAMMA,Healthcare,55.82,57.74,55.26,57.17,57.15,1825921
2023-05-23,BENCH,Benchmark,127.42,128.36,126.51,127.44,127.44,1501952
2024-02-20,GAMMA,Healthcare,42.70,43.46,41.22,41.96,41.96,1682252
2023-05-22,BENCH,Benchmark,129.46,130.41,126.94,127.88,127.88,1387708
2023-05-24,DELTA,Energy,78.69,78.84,78.09,78.25,78.25,1478822
2024-07-12,BENCH,Benchmark,153.71,157.26,152.49,156.02,155.99,1400773
2024-09-06,ALPHA,Technology,106.89,109.07,105.24,107.41,107.39,1706998
2024-09-19,ALPHA,Technology,104.73,109.13,102.40,106.75,106.73,1359257
2023-07-25,BENCH,Benchmark,107.84,109.69,107.26,109.10,109.10,2052025
2024-04-01,BENCH,Benchmark,140.05,141.93,139.05,140.91,140.89,1389669
2023-06-29,BENCH,Benchmark,115.55,116.62,113.69,114.75,114.74,1833696
2023-02-06,GAMMA,Healthcare,41.21,42.43,40.44,41.65,41.65,1446369
2024-09-26,GAMMA,Healthcare,49.22,49.65,48.56,48.99,48.98,1493761
2023-09-18,ALPHA,Technology,111.06,112.62,108.93,110.48,110.47,1889189
2024-02-22,OMEGA,Consumer,112.63,114.21,111.68,113.26,113.24,1880527
2024-12-10,OMEGA,Consumer,113.24,113.86,112.98,113.60,113.57,1404205
2023-04-27,BETA,Finance,91.78,92.89,89.86,90.97,90.97,1840084
2023-03-29,DELTA,Energy,75.79,78.56,74.64,77.38,77.38,1595145
2023-04-05,GAMMA,Healthcare,50.43,52.24,49.63,51.43,51.43,1758428
2024-01-31,OMEGA,Consumer,112.12,113.47,110.43,111.77,111.76,1332556
2024-01-10,OMEGA,Consumer,106.86,110.63,105.36,109.09,109.08,1218988
2023-07-06,GAMMA,Healthcare,41.66,42.61,41.36,42.30,42.30,1670607
2024-05-09,GAMMA,Healthcare,47.72,48.85,46.80,47.92,47.92,1470343
2024-07-30,OMEGA,Consumer,113.51,115.22,110.85,112.55,112.53,1696798
2024-12-16,DELTA,Energy,97.20,99.64,93.59,96.00,95.98,1925326
2023-05-25,ALPHA,Technology,103.44,104.76,100.27,101.57,101.57,1317367
2024-01-04,OMEGA,Consumer,104.89,108.72,103.98,107.78,107.76,1280117
2023-05-24,BETA,Finance,87.55,89.25,84.96,86.65,86.64,2116681
2023-06-07,GAMMA,Healthcare,43.01,44.34,42.18,43.50,43.50,1584498
2024-11-27,OMEGA,Consumer,110.34,114.11,108.36,112.10,112.07,1213172
2024-06-07,BENCH,Benchmark,160.47,161.06,157.93,158.51,158.48,1753672
2024-12-23,OMEGA,Consumer,108.50,111.71,107.12,110.31,110.28,1659818
2024-05-30,BETA,Finance,66.10,68.04,65.52,67.44,67.43,1565761
2023-08-01,OMEGA,Consumer,86.85,88.77,86.08,87.99,87.98,1367936
2023-01-23,BETA,Finance,61.69,63.99,60.92,63.21,63.21,1436519
2023-03-21,GAMMA,Healthcare,43.91,45.19,43.68,44.95,44.95,1679352
2024-01-25,BETA,Finance,72.07,72.58,70.28,70.79,70.78,1183774
2023-05-29,BETA,Finance,83.30,84.14,82.64,83.47,83.47,1513214
2023-08-03,ALPHA,Technology,76.86,78.64,75.12,76.90,76.89,1491437
2024-03-12,ALPHA,Technology,96.15,97.80,93.83,95.48,95.47,1457559
2024-06-13,BETA,Finance,67.17,68.40,66.51,67.75,67.74,1434119
2024-10-15,ALPHA,Technology,103.40,105.85,101.38,103.82,103.79,1730167
2024-09-16,DELTA,Energy,71.56,72.65,69.84,70.92,70.91,1178738
2023-11-13,DELTA,Energy,67.98,68.72,65.97,66.70,66.69,1352842
2024-04-03,ALPHA,Technology,107.18,112.46,105.88,111.11,111.10,1652555
2023-11-10,GAMMA,Healthcare,45.16,45.74,43.96,44.53,44.52,1868582
2024-04-10,ALPHA,Technology,108.90,110.64,106.28,108.01,107.99,1664440
2024-02-22,BETA,Finance,68.79,70.05,68.15,69.41,69.40,1629161
2024-01-24,DELTA,Energy,73.08,73.86,71.83,72.60,72.59,1295220
2023-10-24,BENCH,Benchmark,149.51,150.75,145.67,146.89,146.88,1843053
2024-12-11,BETA,Finance,70.53,72.02,70.01,71.50,71.48,1338229
2024-04-16,OMEGA,Consumer,103.75,105.71,102.26,104.21,104.20,1286303
2024-07-22,GAMMA,Healthcare,55.38,56.11,54.82,55.54,55.53,1338095
2023-04-25,OMEGA,Consumer,80.67,82.05,79.78,81.16,81.16,1308516
2024-12-10,BETA,Finance,70.20,71.04,69.32,70.15,70.14,1742098
2023-11-23,GAMMA,Healthcare,45.41,46.35,43.77,44.69,44.69,1282164
2024-10-10,DELTA,Energy,77.92,80.85,75.87,78.77,78.76,1495364
2024-01-18,BETA,Finance,76.89,77.69,75.24,76.03,76.02,1164147
2023-01-19,GAMMA,Healthcare,40.87,41.29,40.35,40.77,40.77,1220480
2024-10-21,BETA,Finance,62.86,63.58,60.95,61.66,61.65,1363400
2024-05-07,OMEGA,Consumer,112.83,115.70,111.08,113.93,113.91,1212818
2023-04-19,BETA,Finance,90.20,91.15,88.82,89.77,89.77,1325984
2024-04-29,GAMMA,Healthcare,45.00,45.94,44.38,45.32,45.31,1661609
2024-06-11,ALPHA,Technology,134.84,142.76,132.87,140.70,140.68,1790334
2023-12-06,BETA,Finance,76.44,78.90,75.61,78.05,78.05,1402716
2024-02-06,GAMMA,Healthcare,41.76,42.16,41.23,41.63,41.62,2094207
2024-07-17,BENCH,Benchmark,155.37,156.81,153.18,154.61,154.58,1482478
2024-12-02,BENCH,Benchmark,173.57,174.15,171.24,171.82,171.79,1518752
2023-03-15,BENCH,Benchmark,121.02,122.16,120.32,121.46,121.46,1402563
2024-07-22,BETA,Finance,63.80,64.66,61.61,62.45,62.44,1289466
2024-01-12,OMEGA,Consumer,109.44,111.82,108.18,110.55,110.54,1413747
2023-02-15,GAMMA,Healthcare,41.05,41.49,39.57,39.99,39.99,1231580
2023-07-11,ALPHA,Technology,72.84,74.27,70.39,71.79,71.79,1363196
2023-07-31,OMEGA,Consumer,84.84,87.78,83.69,86.61,86.60,1804008
2023-05-09,DELTA,Energy,78.66,79.60,75.32,76.23,76.23,1365496
2024-01-17,DELTA,Energy,68.84,70.91,67.55,69.60,69.59,1311159
2023-08-01,DELTA,Energy,61.56,62.86,59.22,60.50,60.50,1359186
2023-03-15,BETA,Finance,73.96,74.82,73.14,74.00,74.00,1365965
2024-10-31,BETA,Finance,68.14,68.81,67.35,68.01,68.00,1478929
2024-12-18,GAMMA,Healthcare,65.47,66.49,63.66,64.67,64.65,2036522
2024-12-10,ALPHA,Technology,120.15,122.43,118.76,121.03,121.00,1630786
2023-01-27,ALPHA,Technology,93.67,95.51,92.25,94.09,94.09,2005644
2023-05-15,DELTA,Energy,78.18,80.18,77.43,79.41,79.40,2082765
2024-08-13,ALPHA,Technology,103.10,104.98,101.76,103.62,103.61,2268215
2024-05-10,GAMMA,Healthcare,48.13,48.96,46.93,47.75,47.74,1233218
2024-03-22,BETA,Finance,69.76,70.81,69.03,70.08,70.07,1398476
2023-11-21,OMEGA,Consumer,99.63,100.95,97.38,98.69,98.68,1294149
2023-12-18,BETA,Finance,75.01,76.19,74.18,75.35,75.35,2074200
2024-02-09,ALPHA,Technology,100.33,102.41,99.32,101.39,101.38,1383682
2023-05-16,GAMMA,Healthcare,45.68,47.18,45.22,46.72,46.71,1398047
2024-07-18,BETA,Finance,66.14,67.33,63.54,64.70,64.69,1213210
2023-04-10,ALPHA,Technology,107.35,109.59,103.95,106.16,106.16,1463715
2023-10-12,OMEGA,Consumer,105.90,107.51,102.89,104.48,104.47,1240288
2023-03-20,BENCH,Benchmark,123.00,125.36,121.97,124.32,124.32,1539746
2024-04-19,DELTA,Energy,67.62,69.11,66.37,67.85,67.84,1320395
2024-12-11,OMEGA,Consumer,114.01,114.56,111.18,111.72,111.69,1469419
2024-11-07,GAMMA,Healthcare,58.01,58.88,56.61,57.48,57.47,1583323
2023-05-29,GAMMA,Healthcare,42.83,43.93,42.03,43.12,43.12,1645837
2023-01-03,BENCH,Benchmark,99.92,100.23,99.50,99.81,99.81,1612300
2023-10-24,ALPHA,Technology,112.64,114.59,108.35,110.26,110.25,2136702
2023-09-22,BETA,Finance,79.10,79.97,78.36,79.23,79.22,1421105
2024-03-28,OMEGA,Consumer,104.59,106.49,102.56,104.46,104.44,1408735
2024-11-12,OMEGA,Consumer,106.69,107.93,104.99,106.23,106.21,1337832
2024-09-11,BENCH,Benchmark,139.06,140.41,138.00,139.35,139.32,1669827
2023-08-02,BETA,Finance,58.31,59.17,57.69,58.56,58.56,1340941
2024-07-22,ALPHA,Technology,130.97,133.55,129.66,132.23,132.21,1982774
2024-03-05,ALPHA,Technology,89.38,90.67,88.65,89.94,89.93,1431771
2024-01-03,GAMMA,Healthcare,42.22,42.89,41.32,41.99,41.99,1627536
2024-06-05,GAMMA,Healthcare,51.16,51.79,49.94,50.56,50.55,1231105
2024-06-24,OMEGA,Consumer,122.06,123.02,121.11,122.07,122.05,1297835
2024-12-17,OMEGA,Consumer,109.85,111.06,106.41,107.59,107.56,1446864
2023-01-04,ALPHA,Technology,88.18,89.60,84.85,86.23,86.23,1335712
2024-09-19,GAMMA,Healthcare,50.57,51.41,48.42,49.24,49.23,1936466
2023-11-06,DELTA,Energy,71.97,72.89,69.85,70.76,70.75,1648170
2024-09-27,GAMMA,Healthcare,48.87,50.25,48.24,49.60,49.59,1546445
2024-06-03,ALPHA,Technology,136.18,142.06,133.57,139.39,139.37,1324408
2023-12-26,DELTA,Energy,69.65,70.95,68.46,69.77,69.76,1465735
2024-09-24,DELTA,Energy,70.86,75.11,69.72,73.92,73.90,1577425
2024-12-09,GAMMA,Healthcare,62.61,63.56,61.73,62.69,62.67,1655963
2024-10-31,ALPHA,Technology,101.60,104.49,99.98,102.85,102.83,2166786
2024-06-18,GAMMA,Healthcare,54.05,55.38,53.03,54.35,54.34,1630989
2024-08-06,GAMMA,Healthcare,59.40,60.11,56.41,57.09,57.08,1253894
2024-07-04,BENCH,Benchmark,158.01,159.07,156.55,157.61,157.58,1469824
2024-01-02,OMEGA,Consumer,105.90,107.91,102.32,104.30,104.29,1574964
2023-08-31,DELTA,Energy,68.62,70.42,67.72,69.51,69.51,1246408
2023-01-16,GAMMA,Healthcare,41.82,42.61,41.04,41.83,41.83,1417713
2023-08-24,OMEGA,Consumer,87.70,90.06,86.09,88.44,88.43,1249644
2024-06-12,DELTA,Energy,92.11,93.33,90.84,92.06,92.05,1417913
2024-02-26,ALPHA,Technology,95.44,96.58,90.74,91.83,91.82,1602007
2024-09-12,GAMMA,Healthcare,51.65,52.43,51.02,51.80,51.79,1217447
2024-02-09,GAMMA,Healthcare,41.05,41.76,40.30,41.01,41.00,1265187
2023-04-07,ALPHA,Technology,108.54,110.69,104.62,106.73,106.73,1634150
2024-12-26,GAMMA,Healthcare,64.59,66.41,64.17,65.99,65.97,1414279
2024-04-11,DELTA,Energy,69.83,70.19,67.21,67.55,67.54,1247122
2024-12-10,BENCH,Benchmark,169.12,173.90,167.96,172.71,172.67,1538681
2024-04-05,DELTA,Energy,72.30,73.06,71.64,72.41,72.40,1275589
2023-07-26,BETA,Finance,58.66,60.01,58.00,59.33,59.33,1550964
2023-08-02,BENCH,Benchmark,107.70,109.95,106.48,108.71,108.70,1369157
2024-09-16,ALPHA,Technology,103.30,106.31,101.58,104.58,104.55,1357941
2023-09-27,BENCH,Benchmark,140.82,142.29,137.49,138.93,138.92,1408516
2023-06-19,ALPHA,Technology,84.99,86.41,81.41,82.80,82.79,1937451
2024-06-20,BETA,Finance,65.36,66.73,64.36,65.72,65.71,1455377
2023-11-15,DELTA,Energy,68.50,71.29,67.10,69.86,69.85,1739281
2023-06-14,GAMMA,Healthcare,42.26,42.83,41.62,42.19,42.19,1350020
2024-07-19,GAMMA,Healthcare,55.34,56.06,54.74,55.46,55.45,1588828
2024-10-25,ALPHA,Technology,102.70,103.73,100.02,101.04,101.02,1646867
2023-11-02,OMEGA,Consumer,97.19,99.23,95.82,97.85,97.84,1462018
2024-12-26,ALPHA,Technology,131.90,134.16,129.54,131.81,131.78,1796896
2023-01-23,ALPHA,Technology,93.83,98.65,92.74,97.51,97.51,1849804
2023-08-17,GAMMA,Healthcare,42.54,43.21,41.61,42.27,42.27,1276148
2023-08-31,BENCH,Benchmark,125.62,128.64,124.63,127.63,127.62,2159557
2024-12-02,DELTA,Energy,96.28,98.08,94.57,96.37,96.35,1440689
2024-10-24,OMEGA,Consumer,107.26,107.84,106.81,107.39,107.37,1732408
2023-08-22,ALPHA,Technology,86.42,87.55,85.63,86.75,86.75,1365768
2024-10-11,OMEGA,Consumer,103.58,104.81,100.01,101.22,101.20,1286939
2023-09-05,BENCH,Benchmark,128.74,132.04,127.80,131.07,131.07,1582861
2024-01-30,BENCH,Benchmark,125.91,126.71,125.05,125.86,125.85,1701649
2023-01-20,BETA,Finance,60.83,62.14,60.25,61.55,61.55,1486394
2023-04-12,GAMMA,Healthcare,52.42,54.12,51.81,53.50,53.50,1547084
2023-12-25,OMEGA,Consumer,99.45,101.37,98.43,100.34,100.33,1472620
2024-11-21,ALPHA,Technology,121.92,124.59,119.45,122.11,122.09,1451706
2024-10-15,BENCH,Benchmark,145.50,148.42,144.60,147.51,147.48,1474925
2024-05-22,DELTA,Energy,80.49,82.71,79.15,81.36,81.35,1551466
2024-01-05,ALPHA,Technology,105.09,107.91,104.12,106.93,106.91,2131417
2024-05-06,BETA,Finance,69.90,70.92,68.69,69.71,69.70,1507890
2023-03-15,ALPHA,Technology,106.59,107.91,105.38,106.69,106.69,2413395
2023-08-17,BETA,Finance,61.34,61.92,59.62,60.19,60.19,1441527
2024-12-30,ALPHA,Technology,132.83,134.48,128.82,130.44,130.41,1533501
2023-09-08,ALPHA,Technology,100.32,102.16,99.06,100.89,100.89,1959218
2024-09-09,DELTA,Energy,73.65,76.76,72.47,75.56,75.54,1194183
2024-08-13,BENCH,Benchmark,136.51,137.66,134.99,136.13,136.10,1583800
2024-01-26,BETA,Finance,70.79,71.85,70.26,71.32,71.31,1530974
2024-05-16,BENCH,Benchmark,150.90,151.45,150.63,151.18,151.16,2268247
2024-05-07,GAMMA,Healthcare,46.08,46.73,44.90,45.53,45.53,1605533
2023-07-06,OMEGA,Consumer,75.31,76.79,74.82,76.30,76.29,1473663
2023-05-03,GAMMA,Healthcare,51.34,52.02,49.85,50.52,50.51,1215115
2023-03-09,GAMMA,Healthcare,43.52,44.11,42.85,43.43,43.43,1510294
2023-06-13,BENCH,Benchmark,118.95,119.92,117.53,118.50,118.49,1481215
2023-07-13,GAMMA,Healthcare,42.14,42.72,41.10,41.67,41.67,1314608
2024-08-09,BENCH,Benchmark,138.57,140.35,137.08,138.86,138.83,1648238
2023-12-15,DELTA,Energy,71.75,72.84,70.32,71.41,71.40,1167392
2024-05-31,OMEGA,Consumer,118.24,120.93,116.64,119.31,119.30,1366256
2024-03-20,OMEGA,Consumer,105.81,107.18,102.19,103.53,103.51,1413355
2023-05-12,OMEGA,Consumer,79.57,82.51,78.17,81.09,81.09,2015093
2024-04-29,BENCH,Benchmark,142.12,144.63,141.46,143.96,143.94,1605652
2023-11-02,BENCH,Benchmark,141.74,143.01,140.32,141.59,141.58,1751506
2023-07-04,ALPHA,Technology,77.41,78.37,76.39,77.34,77.34,1501000
2024-10-17,GAMMA,Healthcare,54.34,54.94,54.18,54.78,54.76,1641860
2024-01-12,ALPHA,Technology,109.30,111.72,107.88,110.28,110.27,1361800
2024-10-03,BETA,Finance,58.63,59.81,57.96,59.15,59.13,1421854
2024-06-25,ALPHA,Technology,138.11,141.92,136.70,140.49,140.46,1323622
2023-08-03,BENCH,Benchmark,108.63,110.37,108.08,109.82,109.81,1358821
2024-11-12,BETA,Finance,66.65,67.41,65.16,65.91,65.90,1190489
2023-07-12,DELTA,Energy,67.11,68.04,65.52,66.44,66.43,1387674
2023-03-28,ALPHA,Technology,107.56,109.11,106.00,107.55,107.55,1458698
2023-02-20,OMEGA,Consumer,65.47,68.67,64.85,68.03,68.03,1227096
2024-02-13,ALPHA,Technology,101.14,102.83,99.19,100.87,100.85,1363437
2023-06-26,BENCH,Benchmark,116.07,117.09,114.03,115.05,115.04,1766507
2023-10-23,ALPHA,Technology,113.69,114.82,110.61,111.73,111.72,2227600
2024-03-08,BETA,Finance,67.65,68.55,66.91,67.81,67.80,1712535
2024-03-04,BETA,Finance,67.64,68.72,66.70,67.78,67.77,1599686
2023-02-21,GAMMA,Healthcare,39.80,40.38,38.92,39.49,39.49,1623176
2024-10-31,BENCH,Benchmark,156.34,158.91,155.33,157.89,157.85,1527311
2024-09-25,BENCH,Benchmark,135.37,136.32,134.21,135.16,135.13,2268414
2023-07-18,DELTA,Energy,65.77,66.57,62.96,63.73,63.73,1201579
2024-05-01,GAMMA,Healthcare,46.32,46.98,45.12,45.77,45.76,1398280
2023-09-25,OMEGA,Consumer,96.91,98.75,95.15,96.99,96.98,1950873
2023-09-20,OMEGA,Consumer,99.73,101.09,97.69,99.05,99.04,1368846
2024-03-04,BENCH,Benchmark,125.70,127.67,124.71,126.68,126.66,1911037
2023-05-04,BETA,Finance,92.31,93.43,90.14,91.25,91.25,1274409
2024-02-08,BENCH,Benchmark,124.03,126.73,122.97,125.66,125.64,1805627
2024-02-12,ALPHA,Technology,101.69,103.38,99.25,100.93,100.91,1318869
2023-09-13,DELTA,Energy,71.40,72.58,68.31,69.45,69.45,1502929
2023-07-05,OMEGA,Consumer,76.86,77.64,74.43,75.21,75.20,1558047
2024-11-13,OMEGA,Consumer,106.73,107.92,105.23,106.42,106.39,1727265
2023-09-20,DELTA,Energy,70.23,71.81,68.54,70.12,70.11,1369726
2023-05-18,BETA,Finance,88.27,90.07,87.60,89.40,89.39,1365391
2023-08-22,DELTA,Energy,68.36,68.96,64.84,65.41,65.40,1584715
2023-09-26,BETA,Finance,79.52,80.89,78.81,80.17,80.17,1539721
2024-10-03,DELTA,Energy,77.95,81.10,76.47,79.59,79.57,1687203
2024-01-11,DELTA,Energy,67.42,68.55,65.38,66.49,66.49,2149153
2024-06-12,OMEGA,Consumer,119.21,120.73,117.83,119.35,119.34,1456925
2024-01-09,OMEGA,Consumer,108.72,109.66,106.85,107.79,107.77,2082653
2023-03-31,GAMMA,Healthcare,48.61,50.12,47.73,49.23,49.23,1467577
2024-04-18,GAMMA,Healthcare,43.94,44.21,43.62,43.89,43.88,1255907
2023-09-05,ALPHA,Technology,95.66,99.96,94.02,98.28,98.28,1393300
2024-03-21,OMEGA,Consumer,102.95,105.23,101.76,104.03,104.01,1371728
2024-05-14,OMEGA,Consumer,116.85,118.24,113.96,115.33,115.31,1358087
2024-03-21,GAMMA,Healthcare,40.28,41.00,39.96,40.68,40.68,1881229
2024-05-09,BETA,Finance,69.70,70.65,67.50,68.43,68.42,1548607
2024-07-16,OMEGA,Consumer,117.07,117.93,113.91,114.75,114.73,1535737
2024-10-01,ALPHA,Technology,104.47,107.56,102.69,105.75,105.73,1708426
2024-05-15,GAMMA,Healthcare,48.41,48.89,46.77,47.25,47.24,1838667
2023-06-20,GAMMA,Healthcare,40.34,40.81,39.40,39.86,39.86,1705384
2023-04-24,GAMMA,Healthcare,51.16,51.78,50.17,50.78,50.78,1436165
2024-06-14,BETA,Finance,67.64,68.21,66.38,66.95,66.93,1565134
2024-11-13,ALPHA,Technology,114.40,116.55,113.10,115.24,115.22,1684346
2023-07-20,DELTA,Energy,62.60,63.62,61.27,62.28,62.28,1577610
2023-03-14,GAMMA,Healthcare,42.41,42.81,41.83,42.23,42.23,1274748
2023-08-10,BETA,Finance,59.94,61.09,59.46,60.60,60.60,1605482
2024-07-09,BENCH,Benchmark,155.75,157.83,154.30,156.38,156.35,1637993
2024-04-16,GAMMA,Healthcare,43.39,44.33,42.88,43.81,43.81,1598999
2023-07-07,ALPHA,Technology,74.49,75.28,72.72,73.50,73.50,1727710
2024-10-14,BENCH,Benchmark,145.36,146.34,144.54,145.53,145.50,1745542
2023-09-20,GAMMA,Healthcare,46.06,46.72,45.22,45.88,45.87,1334001
2024-01-09,BENCH,Benchmark,133.38,134.74,130.38,131.72,131.70,1661555
2023-05-26,BENCH,Benchmark,125.77,126.96,123.58,124.76,124.76,2111340
2023-07-26,GAMMA,Healthcare,39.65,40.14,38.57,39.06,39.05,1288275
2023-05-18,BENCH,Benchmark,129.93,131.58,129.28,130.92,130.92,1599900
2023-10-25,GAMMA,Healthcare,47.53,47.92,46.77,47.17,47.16,1761585
2023-07-10,GAMMA,Healthcare,41.79,42.50,41.23,41.94,41.94,1644235
2023-10-26,DELTA,Energy,75.05,76.25,70.75,71.90,71.89,1397332
2023-02-23,BETA,Finance,66.27,67.51,65.36,66.59,66.59,2193592
2023-12-22,DELTA,Energy,68.86,69.73,67.34,68.20,68.19,1202537
2023-09-19,ALPHA,Technology,110.88,113.37,109.85,112.32,112.31,1927024
2023-08-03,BETA,Finance,58.24,60.37,57.80,59.91,59.91,1208794
2024-02-21,DELTA,Energy,73.21,74.60,70.66,72.03,72.02,1250134
2023-05-26,DELTA,Energy,76.42,78.21,75.35,77.13,77.12,1331738
2023-03-16,BENCH,Benchmark,121.31,124.73,119.80,123.20,123.20,1347943
2023-05-18,GAMMA,Healthcare,46.60,47.66,46.07,47.12,47.12,1761024
2023-06-09,BENCH,Benchmark,118.74,119.94,117.72,118.92,118.92,1405478
2023-03-13,BETA,Finance,72.91,73.75,71.74,72.57,72.57,1488435
2023-06-02,BENCH,Benchmark,124.01,125.25,121.23,122.46,122.46,1525233
2023-08-21,ALPHA,Technology,85.62,87.50,84.66,86.54,86.53,1767745
2023-01-11,ALPHA,Technology,85.73,87.16,83.64,85.06,85.06,1285224
2024-05-01,OMEGA,Consumer,109.97,112.74,108.42,111.18,111.16,1277016
2024-08-05,OMEGA,Consumer,114.04,117.24,112.79,115.97,115.95,1350413
2024-01-17,OMEGA,Consumer,109.07,113.30,107.09,111.28,111.26,1327528
2023-08-10,DELTA,Energy,63.99,65.18,62.24,63.42,63.42,2053029
2023-05-23,DELTA,Energy,77.17,80.63,75.71,79.12,79.12,1250617
2023-10-11,OMEGA,Consumer,103.65,106.72,102.35,105.39,105.38,1623806
2023-09-07,ALPHA,Technology,99.44,100.89,98.82,100.26,100.26,1320184
2023-12-06,OMEGA,Consumer,96.66,98.79,96.03,98.15,98.14,1256592
2023-04-21,OMEGA,Consumer,79.94,81.20,78.69,79.95,79.95,1534863
2024-08-14,ALPHA,Technology,104.00,108.30,102.99,107.26,107.24,1455263
2024-12-20,BENCH,Benchmark,172.48,174.05,169.41,170.96,170.92,1419205
2023-01-11,OMEGA,Consumer,70.93,71.86,68.98,69.90,69.90,1248791
2023-01-31,GAMMA,Healthcare,38.89,39.45,38.43,38.99,38.99,1274056
2023-04-21,BENCH,Benchmark,132.16,133.29,131.17,132.30,132.29,1875025
2024-01-22,BETA,Finance,74.28,75.07,73.06,73.85,73.84,1505573
2024-10-15,GAMMA,Healthcare,52.47,54.37,51.40,53.28,53.27,1806421
2023-01-17,OMEGA,Consumer,68.40,70.42,67.96,69.96,69.96,1488561
2024-02-19,GAMMA,Healthcare,42.23,43.03,41.69,42.48,42.48,1305166
2023-06-07,DELTA,Energy,79.03,79.84,76.70,77.50,77.50,1133659
2023-08-03,OMEGA,Consumer,86.63,88.42,85.53,87.31,87.30,1710743
2023-12-15,BETA,Finance,76.11,76.81,74.67,75.37,75.36,1335817
2023-07-18,OMEGA,Consumer,79.32,83.55,78.54,82.74,82.74,1583809
2023-09-27,DELTA,Energy,72.53,74.23,71.44,73.13,73.12,1375844
2024-11-22,DELTA,Energy,100.85,102.45,96.43,97.99,97.97,1949133
2024-02-14,DELTA,Energy,71.95,73.43,70.86,72.34,72.33,1228257
2023-08-22,BETA,Finance,61.92,63.31,61.23,62.62,62.61,1675113
2024-06-04,DELTA,Energy,86.71,90.11,84.92,88.28,88.27,1160968
2023-08-07,ALPHA,Technology,78.16,80.31,76.50,78.65,78.65,2015759
2023-05-08,BENCH,Benchmark,134.11,135.51,133.04,134.44,134.43,2091353
2024-11-14,GAMMA,Healthcare,57.29,58.77,56.31,57.78,57.77,1325503
2024-02-27,ALPHA,Technology,91.55,93.04,89.07,90.54,90.53,1461589
2024-05-01,BENCH,Benchmark,143.06,144.84,141.98,143.75,143.73,1866324
2023-05-15,BENCH,Benchmark,132.02,134.21,130.48,132.66,132.66,1564863
2024-09-13,BETA,Finance,56.42,57.05,55.01,55.63,55.62,1425144
2024-08-12,ALPHA,Technology,105.64,106.89,102.39,103.61,103.60,1458279
2024-03-26,DELTA,Energy,71.26,74.63,70.13,73.47,73.46,1230226
2023-04-25,DELTA,Energy,85.27,86.86,83.77,85.36,85.36,1528726
2024-09-11,ALPHA,Technology,109.74,109.91,107.14,107.30,107.28,1489896
2023-02-09,DELTA,Energy,62.51,63.61,61.25,62.36,62.36,1371324
2024-03-08,OMEGA,Consumer,109.98,113.35,108.48,111.82,111.81,1626809
2024-08-01,BENCH,Benchmark,146.62,147.11,145.26,145.75,145.72,1450477
2024-10-30,DELTA,Energy,87.98,90.28,86.45,88.73,88.71,1176074
2023-06-09,BETA,Finance,75.54,76.42,73.13,73.99,73.98,1330675
2023-07-20,GAMMA,Healthcare,40.87,41.38,39.29,39.79,39.78,1725457
2024-04-30,OMEGA,Consumer,106.83,111.41,105.55,110.10,110.08,1379099
2023-09-29,BENCH,Benchmark,139.87,141.61,136.95,138.68,138.67,1908804
2024-10-01,BETA,Finance,58.47,59.01,57.43,57.96,57.95,1828567
2023-04-13,DELTA,Energy,85.23,86.83,82.43,84.01,84.01,1517066
2023-06-12,BENCH,Benchmark,118.40,119.48,117.62,118.70,118.69,1683476
2024-02-19,DELTA,Energy,71.56,72.55,70.88,71.87,71.86,1298259
2023-08-29,BETA,Finance,66.33,66.79,64.39,64.84,64.84,2167657
2024-10-24,DELTA,Energy,86.32,87.66,82.84,84.15,84.14,1349479
2024-10-07,DELTA,Energy,81.66,83.52,78.90,80.73,80.72,1695146
2023-05-08,GAMMA,Healthcare,49.44,50.07,48.12,48.74,48.74,1445795
2023-08-03,DELTA,Energy,62.35,63.81,61.64,63.09,63.09,1411699
2024-05-30,OMEGA,Consumer,114.21,119.16,112.36,117.26,117.24,1255607
2023-09-07,OMEGA,Consumer,92.03,93.37,90.75,92.08,92.08,1473953
2024-11-19,BENCH,Benchmark,165.56,168.24,163.89,166.56,166.53,1569922
2023-05-11,BETA,Finance,88.44,90.54,87.51,89.60,89.59,1688728
2023-09-14,ALPHA,Technology,103.42,107.67,102.23,106.45,106.44,1633598
2023-02-28,DELTA,Energy,64.57,65.72,62.96,64.10,64.10,1995888
2024-03-26,GAMMA,Healthcare,41.56,43.27,41.09,42.79,42.78,1211492
2024-05-23,BENCH,Benchmark,150.06,152.62,148.61,151.15,151.13,1723721
2023-04-17,DELTA,Energy,81.75,83.80,80.27,82.31,82.31,1156565
2023-11-17,ALPHA,Technology,105.22,106.84,98.77,100.31,100.31,1521497
2023-12-28,ALPHA,Technology,103.42,105.10,101.40,103.08,103.07,1511129
2024-06-26,ALPHA,Technology,138.80,145.57,137.51,144.23,144.20,1332909
2023-10-17,ALPHA,Technology,111.01,115.24,109.75,113.95,113.94,1437513
2023-05-24,BENCH,Benchmark,128.10,129.31,125.24,126.43,126.43,1687456
2023-11-14,DELTA,Energy,66.51,69.52,65.38,68.37,68.36,1735798
2024-04-05,BETA,Finance,74.11,74.68,72.23,72.79,72.78,1328240
2023-02-02,OMEGA,Consumer,68.29,69.15,65.52,66.35,66.35,1310453
2024-04-26,BETA,Finance,71.17,71.89,69.98,70.70,70.69,1408435
2023-10-13,BETA,Finance,83.81,84.58,83.05,83.81,83.81,1745347
2023-08-25,BETA,Finance,63.90,64.43,63.35,63.88,63.88,1174791
2024-07-17,DELTA,Energy,100.71,102.77,97.04,99.06,99.04,1423653
2023-06-26,DELTA,Energy,70.05,70.92,67.94,68.79,68.79,1340790
2024-02-09,DELTA,Energy,69.15,71.88,68.26,70.97,70.96,1166118
2024-08-26,BETA,Finance,57.39,58.17,56.28,57.06,57.05,1678228
2023-04-11,ALPHA,Technology,106.46,108.64,103.64,105.80,105.79,1370649
2024-07-25,DELTA,Energy,102.23,105.16,101.09,104.00,103.98,1159398
2023-12-19,DELTA,Energy,69.55,71.28,68.57,70.29,70.28,1303785
2024-05-17,GAMMA,Healthcare,47.44,49.02,46.68,48.26,48.25,1231253
2024-04-11,OMEGA,Consumer,103.90,105.36,101.82,103.26,103.25,1605069
2024-01-30,BETA,Finance,72.39,75.12,71.48,74.19,74.18,1334358
2024-02-05,OMEGA,Consumer,111.53,112.46,109.39,110.32,110.30,1422145
2023-01-23,DELTA,Energy,64.23,65.54,63.04,64.35,64.35,1602137
2024-04-04,ALPHA,Technology,111.44,113.18,110.16,111.89,111.87,1630628
2023-03-17,OMEGA,Consumer,78.50,80.88,77.44,79.80,79.80,1892392
2023-11-20,BETA,Finance,78.47,80.36,78.02,79.90,79.89,1271191
2023-03-16,ALPHA,Technology,107.05,108.91,104.41,106.25,106.25,1428000
2023-04-20,BENCH,Benchmark,133.68,134.12,132.39,132.83,132.82,2046887
2023-02-08,ALPHA,Technology,91.30,92.29,89.10,90.07,90.07,1841377
2023-07-14,GAMMA,Healthcare,41.80,42.27,40.96,41.43,41.43,1639919
2023-01-09,GAMMA,Healthcare,41.83,42.54,41.34,42.04,42.04,1233305
2024-08-29,ALPHA,Technology,103.84,106.32,102.34,104.81,104.79,1754287
2024-11-26,OMEGA,Consumer,111.68,112.61,109.39,110.31,110.29,1394506
2023-10-11,BENCH,Benchmark,145.21,147.69,144.15,146.62,146.61,1362109
2023-11-01,OMEGA,Consumer,99.37,100.86,95.86,97.32,97.31,1628312
2024-03-13,ALPHA,Technology,96.11,100.49,94.89,99.22,99.21,1949922
2023-11-06,ALPHA,Technology,104.44,108.61,103.41,107.55,107.54,1421057
2023-11-10,BENCH,Benchmark,141.31,141.80,140.01,140.49,140.48,2142908
2023-01-06,GAMMA,Healthcare,40.91,42.24,40.52,41.84,41.84,1856027
2023-04-21,DELTA,Energy,85.38,86.74,83.94,85.30,85.30,1279356
2023-03-02,BETA,Finance,67.96,68.63,67.39,68.06,68.06,1752730
2024-09-05,OMEGA,Consumer,105.87,107.86,103.49,105.47,105.45,1416406
2024-02-22,DELTA,Energy,71.87,73.28,69.82,71.22,71.21,1386322
2024-09-19,DELTA,Energy,70.69,72.16,69.35,70.82,70.80,1180015
2023-09-28,BENCH,Benchmark,138.65,140.88,137.39,139.62,139.61,1535608
2024-04-19,ALPHA,Technology,110.42,113.19,109.34,112.09,112.08,2167714
2024-04-03,BENCH,Benchmark,141.70,144.19,140.37,142.84,142.82,1403680
2024-05-02,BETA,Finance,70.58,70.98,69.12,69.51,69.50,1549147
2023-03-23,OMEGA,Consumer,81.25,82.36,80.57,81.67,81.67,1622665
2024-10-18,ALPHA,Technology,107.73,108.57,106.26,107.10,107.07,2155147
2023-01-06,BENCH,Benchmark,101.15,102.72,100.54,102.10,102.10,1856315
2023-08-21,OMEGA,Consumer,86.08,88.33,85.41,87.65,87.65,1839886
2024-11-18,OMEGA,Consumer,105.87,106.86,104.36,105.34,105.32,1299305
2024-08-29,BENCH,Benchmark,134.92,136.23,133.83,135.14,135.11,1725044
2024-02-13,GAMMA,Healthcare,41.41,42.01,39.96,40.55,40.54,1306589
2024-08-19,BETA,Finance,58.42,58.77,58.07,58.42,58.41,1211335
2023-10-27,DELTA,Energy,71.05,74.21,69.69,72.82,72.81,1924703
2023-11-06,BENCH,Benchmark,141.71,143.37,140.53,142.18,142.17,1737229
2023-03-29,ALPHA,Technology,108.47,109.75,104.80,106.06,106.06,1320665
2024-04-15,DELTA,Energy,67.41,68.43,66.08,67.10,67.09,1210334
2024-05-27,BETA,Finance,65.48,66.22,64.81,65.54,65.53,1634149
2024-02-29,DELTA,Energy,69.81,72.66,68.74,71.56,71.55,1890891
2024-12-27,OMEGA,Consumer,107.36,108.32,105.34,106.29,106.27,1309611
2023-11-13,GAMMA,Healthcare,44.80,45.24,44.00,44.44,44.44,1651008
2024-07-02,GAMMA,Healthcare,55.22,55.87,53.91,54.56,54.55,1528029
2024-11-08,OMEGA,Consumer,104.77,107.70,103.17,106.09,106.06,1256634
2023-06-20,BENCH,Benchmark,116.57,117.34,114.94,115.71,115.71,1478464
2023-02-15,OMEGA,Consumer,66.99,67.69,65.68,66.38,66.38,1687288
2023-04-03,BETA,Finance,85.74,86.71,83.92,84.88,84.88,1252846
2023-06-30,BETA,Finance,65.51,66.01,64.17,64.66,64.66,1309601
2024-08-20,DELTA,Energy,80.76,81.66,79.08,79.98,79.97,1356097
2023-06-15,BENCH,Benchmark,116.67,118.65,115.82,117.80,117.79,1452399
2023-05-05,DELTA,Energy,84.05,85.59,79.84,81.33,81.33,1198407
2024-03-27,BETA,Finance,72.13,73.34,71.40,72.61,72.60,1767963
2024-11-20,GAMMA,Healthcare,58.93,60.22,57.96,59.24,59.23,1463946
2023-02-08,BENCH,Benchmark,103.20,105.09,102.20,104.08,104.08,1529874
2024-07-30,DELTA,Energy,104.11,107.20,101.87,104.95,104.93,1479366
2024-10-07,ALPHA,Technology,105.52,107.31,104.13,105.91,105.89,1502090
2024-05-06,ALPHA,Technology,117.70,121.60,115.54,119.41,119.39,1336931
2024-07-23,BETA,Finance,62.68,63.06,62.17,62.55,62.54,1231718
2023-10-09,GAMMA,Healthcare,48.52,49.57,47.86,48.90,48.90,1534340
2023-02-24,GAMMA,Healthcare,40.88,41.32,40.20,40.63,40.63,1220089
2024-09-11,BETA,Finance,55.28,57.23,54.81,56.74,56.73,1364166
2024-10-08,OMEGA,Consumer,101.12,102.64,100.04,101.56,101.54,1464957
2024-04-23,ALPHA,Technology,112.47,116.49,110.17,114.16,114.14,1400061
2024-03-14,BENCH,Benchmark,130.76,131.68,130.16,131.09,131.07,2228876
2024-10-03,OMEGA,Consumer,101.10,102.39,99.59,100.87,100.85,1267276
2023-11-02,ALPHA,Technology,103.77,104.59,102.26,103.07,103.06,1481655
2023-11-09,ALPHA,Technology,107.59,109.17,103.97,105.51,105.50,1303347
2023-05-30,DELTA,Energy,77.44,79.21,76.47,78.23,78.23,1203377
2023-06-14,OMEGA,Consumer,75.67,76.93,74.70,75.95,75.95,1805105
2023-02-16,DELTA,Energy,61.17,62.60,58.68,60.08,60.08,1244030
2024-08-16,ALPHA,Technology,108.31,108.90,106.43,107.01,106.99,1703101
2023-04-20,OMEGA,Consumer,80.96,81.65,79.38,80.07,80.07,1353132
2024-03-01,BENCH,Benchmark,125.32,126.38,124.10,125.16,125.14,2170674
2023-09-19,OMEGA,Consumer,98.75,100.66,97.90,99.80,99.80,1442363
2023-03-01,DELTA,Energy,63.80,64.79,60.69,61.65,61.65,1730235
2023-04-04,BENCH,Benchmark,131.50,132.57,129.51,130.57,130.56,1369904
2023-01-05,ALPHA,Technology,86.31,87.82,83.82,85.31,85.31,1401927
2023-06-20,BETA,Finance,69.68,70.35,68.89,69.57,69.56,1301963
2023-04-19,DELTA,Energy,85.19,86.46,84.04,85.30,85.30,1240207
2024-04-10,GAMMA,Healthcare,41.43,42.83,40.86,42.25,42.24,1380160
2024-02-12,BENCH,Benchmark,126.67,128.23,125.53,127.08,127.07,1770241
2023-05-05,BENCH,Benchmark,135.60,136.17,133.41,133.97,133.97,1599494
2023-06-20,ALPHA,Technology,82.08,83.16,80.60,81.67,81.67,1495660
2023-03-30,ALPHA,Technology,107.47,110.91,105.61,109.02,109.02,1605726
2024-06-19,DELTA,Energy,92.14,94.35,90.33,92.53,92.51,1752231
2023-10-16,ALPHA,Technology,110.77,112.60,109.47,111.29,111.28,1793175
2023-05-04,ALPHA,Technology,105.02,107.44,103.26,105.67,105.66,1354245
2023-08-22,OMEGA,Consumer,88.05,89.85,86.98,88.77,88.77,1517782
2024-04-02,BETA,Finance,73.87,75.23,73.35,74.70,74.69,1398368
2024-08-07,DELTA,Energy,95.08,96.79,90.74,92.40,92.39,1469380
2023-02-02,BETA,Finance,61.78,63.32,60.99,62.52,62.52,1653186
2023-11-28,GAMMA,Healthcare,45.39,47.45,45.06,47.10,47.10,1342180
2023-02-14,DELTA,Energy,60.93,62.92,59.85,61.83,61.83,1259593
2023-12-29,DELTA,Energy,70.20,71.36,68.47,69.61,69.60,1134139
2024-08-14,OMEGA,Consumer,109.70,110.99,107.49,108.77,108.75,1886254
2024-08-19,DELTA,Energy,81.42,82.13,79.97,80.67,80.66,1250535
2023-10-23,GAMMA,Healthcare,48.95,49.50,47.97,48.51,48.51,1631972
2024-12-30,DELTA,Energy,92.09,97.27,90.47,95.58,95.56,1491425
2024-12-17,BENCH,Benchmark,171.76,174.89,169.80,172.91,172.87,1695387
2023-07-12,ALPHA,Technology,71.97,72.50,70.23,70.75,70.75,1342022
2024-09-18,BENCH,Benchmark,137.32,138.47,134.97,136.11,136.08,1791760
2023-08-08,ALPHA,Technology,79.29,80.34,78.06,79.11,79.11,1721427
2024-09-20,GAMMA,Healthcare,49.45,49.97,48.90,49.42,49.41,1664989
2024-10-04,BENCH,Benchmark,140.79,144.27,139.64,143.10,143.07,1958182
2023-06-21,OMEGA,Consumer,75.47,76.96,74.71,76.20,76.20,1657536
2024-11-25,OMEGA,Consumer,110.57,113.14,109.11,111.67,111.65,1764344
2024-10-16,BENCH,Benchmark,147.41,149.69,146.35,148.62,148.59,1563521
2024-05-29,DELTA,Energy,83.74,85.20,82.33,83.79,83.78,1265416
2024-01-15,GAMMA,Healthcare,43.79,44.41,42.14,42.74,42.73,1347640
2023-02-07,DELTA,Energy,58.22,60.70,56.91,59.36,59.36,1208213
2024-07-26,ALPHA,Technology,125.28,127.22,123.34,125.27,125.25,1735843
2023-04-10,DELTA,Energy,82.19,83.43,79.95,81.18,81.18,1744050
2023-07-11,BETA,Finance,60.25,61.85,59.40,60.99,60.99,1397446
2024-09-18,GAMMA,Healthcare,50.20,50.96,49.26,50.01,50.00,1356216
2024-07-03,OMEGA,Consumer,129.28,131.20,124.87,126.75,126.73,1637477
2024-01-19,DELTA,Energy,70.11,72.95,68.90,71.72,71.71,1430418
2024-11-13,BETA,Finance,65.78,66.90,65.27,66.39,66.37,1455967
2023-10-20,ALPHA,Technology,111.99,114.57,110.46,113.04,113.02,1284665
2023-09-18,DELTA,Energy,71.13,71.82,69.72,70.40,70.40,1282620
2023-03-03,GAMMA,Healthcare,42.45,42.84,41.08,41.46,41.46,1435991
2024-07-29,DELTA,Energy,104.02,106.53,102.18,104.69,104.67,1185657
2024-10-23,DELTA,Energy,85.60,86.75,84.22,85.37,85.35,1469132
2024-10-08,BETA,Finance,59.23,61.64,58.12,60.51,60.50,1317407
2024-08-06,OMEGA,Consumer,115.89,117.34,115.09,116.54,116.52,1193475
2023-02-27,ALPHA,Technology,94.78,98.58,92.36,96.13,96.13,1372668
2024-11-28,DELTA,Energy,95.38,97.68,92.81,95.11,95.09,1473875
2024-06-27,OMEGA,Consumer,128.51,131.66,126.12,129.25,129.23,1594803
2024-11-12,GAMMA,Healthcare,57.46,58.09,56.47,57.09,57.08,1238991
2024-07-24,OMEGA,Consumer,114.13,115.35,111.09,112.29,112.27,1597080
2023-03-28,BETA,Finance,83.50,84.42,81.57,82.47,82.47,1483242
2024-12-31,OMEGA,Consumer,105.25,106.74,104.63,106.12,106.09,1959003
2023-11-20,GAMMA,Healthcare,43.01,43.95,42.58,43.51,43.51,2104570
2024-12-03,BETA,Finance,70.27,71.94,69.85,71.51,71.50,2252181
2024-01-02,BETA,Finance,80.05,81.02,79.01,79.98,79.97,1166937
2024-04-25,BENCH,Benchmark,143.59,144.88,142.09,143.39,143.37,2081655
2023-02-16,ALPHA,Technology,90.54,91.98,87.51,88.93,88.93,1853339
2024-04-02,DELTA,Energy,75.58,76.33,73.26,74.00,73.99,1439398
2023-01-13,DELTA,Energy,58.40,60.42,57.48,59.48,59.48,1250534
2024-11-19,DELTA,Energy,93.46,97.82,91.80,96.11,96.09,1291180
2023-02-22,ALPHA,Technology,91.31,92.22,90.14,91.04,91.04,1310135
2024-07-11,OMEGA,Consumer,118.80,120.35,115.64,117.17,117.15,1690553
2024-10-02,BENCH,Benchmark,136.98,140.28,135.61,138.90,138.87,1426076
2023-05-24,ALPHA,Technology,105.22,106.27,103.13,104.18,104.17,1327456
2023-02-02,DELTA,Energy,60.22,61.21,58.81,59.80,59.80,1404361
2023-02-03,ALPHA,Technology,92.16,93.68,88.78,90.27,90.27,1775969
2023-11-30,BENCH,Benchmark,137.86,138.63,136.73,137.50,137.49,1431368
2023-11-15,BENCH,Benchmark,140.56,141.49,139.61,140.54,140.53,1369741
2023-06-23,BENCH,Benchmark,115.95,116.77,114.65,115.47,115.47,1572893
2023-11-23,BENCH,Benchmark,140.45,142.18,136.86,138.57,138.55,1796460
2023-09-12,OMEGA,Consumer,93.00,95.70,91.67,94.35,94.34,1848387
2023-07-27,GAMMA,Healthcare,39.07,39.51,38.38,38.82,38.82,1666371
2023-04-28,DELTA,Energy,87.68,89.08,85.49,86.89,86.88,2346174
2023-02-14,BENCH,Benchmark,105.89,106.72,104.56,105.39,105.39,1881886
2024-09-05,DELTA,Energy,74.62,76.03,72.48,73.88,73.86,1292534
2023-01-30,GAMMA,Healthcare,40.27,40.57,38.81,39.10,39.10,1556324
2023-08-23,DELTA,Energy,65.35,65.98,64.62,65.25,65.24,1202760
2024-07-30,BETA,Finance,60.93,61.36,60.12,60.54,60.53,1760644
2023-10-04,DELTA,Energy,74.81,76.27,73.44,74.90,74.89,1403223
2023-08-02,DELTA,Energy,60.15,63.24,59.50,62.56,62.56,1563255
2024-12-25,OMEGA,Consumer,108.01,109.01,105.38,106.36,106.34,1709965
2023-12-27,OMEGA,Consumer,102.12,103.42,99.65,100.94,100.93,1427641
2023-04-04,BETA,Finance,84.82,86.51,83.71,85.40,85.39,1332052
2024-11-01,BENCH,Benchmark,158.12,159.42,156.38,157.68,157.65,2068775
2023-05-25,OMEGA,Consumer,80.26,81.61,77.82,79.15,79.15,1525009
2024-12-04,BETA,Finance,71.72,72.00,71.07,71.34,71.32,1285695
2023-06-06,GAMMA,Healthcare,42.58,43.74,41.93,43.08,43.08,1273930
2024-08-16,OMEGA,Consumer,111.86,113.42,108.78,110.32,110.30,1611378
2024-05-31,DELTA,Energy,84.68,86.18,83.69,85.19,85.18,1146921
2023-10-24,BETA,Finance,80.46,82.35,79.32,81.21,81.20,1403048
2023-02-15,BENCH,Benchmark,105.23,107.25,104.31,106.33,106.33,1595124
2024-04-03,DELTA,Energy,73.36,74.73,71.69,73.06,73.05,1919694
2023-02-17,GAMMA,Healthcare,38.79,39.35,38.36,38.92,38.92,1449387
2023-12-28,BENCH,Benchmark,135.32,136.45,134.02,135.15,135.13,1906982
2024-05-15,ALPHA,Technology,119.42,121.11,116.30,117.98,117.96,1430309
2023-09-14,OMEGA,Consumer,94.91,99.51,93.86,98.42,98.42,2261248
2024-07-22,BENCH,Benchmark,154.29,156.07,150.65,152.41,152.38,1369406
2023-06-14,ALPHA,Technology,90.11,91.77,87.46,89.10,89.10,1593463
2023-04-17,BENCH,Benchmark,132.25,134.47,131.10,133.31,133.31,2096731
2023-11-03,GAMMA,Healthcare,43.81,44.05,43.18,43.42,43.42,1405543
2023-06-09,OMEGA,Consumer,76.58,76.95,74.63,74.99,74.99,1440667
2024-08-02,BENCH,Benchmark,145.40,146.42,144.21,145.24,145.21,1608411
2024-12-25,BETA,Finance,75.69,77.01,75.02,76.33,76.32,1271430
2023-02-17,OMEGA,Consumer,66.29,66.87,65.59,66.17,66.17,1514693
2023-07-07,DELTA,Energy,64.97,66.90,62.05,63.95,63.95,1426347
2023-10-09,ALPHA,Technology,106.77,109.96,105.74,108.91,108.90,1404796
2023-08-16,ALPHA,Technology,81.57,84.66,80.73,83.80,83.80,1515091
2023-07-27,BENCH,Benchmark,109.37,110.39,107.94,108.95,108.95,2159436
2023-03-13,DELTA,Energy,67.18,70.20,65.83,68.82,68.82,1383945
2024-02-14,BENCH,Benchmark,126.79,127.40,125.43,126.04,126.02,1875922
2024-12-31,BENCH,Benchmark,170.13,171.10,167.88,168.84,168.80,1394801
2023-11-10,BETA,Finance,78.18,78.74,77.56,78.12,78.12,1262402
2024-10-04,BETA,Finance,59.88,60.48,57.89,58.48,58.47,1404696
2024-02-19,ALPHA,Technology,95.29,100.49,93.67,98.81,98.79,1502337
2023-12-29,BETA,Finance,79.33,81.46,78.13,80.24,80.23,1394699
2023-05-10,ALPHA,Technology,108.41,110.82,106.32,108.72,108.72,2118273
2024-10-18,BENCH,Benchmark,150.61,151.76,149.48,150.64,150.60,1531770
2024-12-04,OMEGA,Consumer,111.17,112.79,110.28,111.90,111.88,2023510
2024-09-12,ALPHA,Technology,107.51,109.30,103.16,104.90,104.88,1312390
2024-06-20,DELTA,Energy,92.21,94.17,90.12,92.07,92.06,1142270
2023-08-02,GAMMA,Healthcare,38.46,39.40,37.80,38.74,38.74,1337369
2023-01-24,DELTA,Energy,64.34,65.69,60.77,62.07,62.07,1305075
2023-10-16,OMEGA,Consumer,104.16,105.38,102.25,103.46,103.45,2263160
2023-12-26,GAMMA,Healthcare,44.26,44.84,43.19,43.76,43.76,1340204
2024-07-26,BETA,Finance,61.96,62.74,61.43,62.20,62.19,1553992
2024-01-05,BENCH,Benchmark,132.60,133.00,132.26,132.65,132.64,1722310
2024-10-28,BETA,Finance,66.41,68.14,65.69,67.41,67.40,1201806
2023-06-16,BETA,Finance,72.31,73.16,70.05,70.87,70.87,1565300
2023-08-04,BETA,Finance,59.70,61.18,59.21,60.69,60.68,1280249
2023-02-22,OMEGA,Consumer,68.35,69.76,67.73,69.13,69.13,1833986
2023-04-26,BETA,Finance,92.56,93.43,90.93,91.80,91.79,1343277
2023-12-20,GAMMA,Healthcare,45.25,45.70,43.75,44.20,44.20,1314270
2023-01-23,BENCH,Benchmark,103.66,105.77,102.84,104.94,104.94,1615299
2024-06-13,DELTA,Energy,92.63,95.02,91.51,93.88,93.87,1571892
2024-08-26,OMEGA,Consumer,105.12,106.32,103.27,104.46,104.44,1449960
2024-07-03,BENCH,Benchmark,159.45,160.95,157.29,158.78,158.75,1790814
2023-11-23,ALPHA,Technology,99.72,104.01,98.03,102.28,102.27,1816355
2023-04-12,ALPHA,Technology,106.49,108.32,102.34,104.14,104.13,1925785
2024-01-17,BETA,Finance,75.79,77.43,74.85,76.48,76.47,1381878
2023-01-31,BENCH,Benchmark,101.92,102.58,101.33,101.99,101.99,2174246
2023-08-21,GAMMA,Healthcare,42.73,43.17,41.96,42.40,42.40,1822558
2024-12-26,BENCH,Benchmark,170.64,172.13,169.68,171.17,171.13,2553638
2024-08-05,ALPHA,Technology,117.91,119.97,113.13,115.15,115.13,1319520
2023-03-24,BETA,Finance,80.56,82.74,79.52,81.69,81.69,1778526
2023-09-12,BENCH,Benchmark,131.54,135.01,130.53,133.97,133.96,1643396
2024-09-13,OMEGA,Consumer,100.76,101.86,99.42,100.51,100.49,1311560
2024-01-22,ALPHA,Technology,106.14,107.84,103.15,104.83,104.82,1520706
2023-08-10,ALPHA,Technology,80.02,82.40,79.25,81.62,81.61,1677198
2024-08-02,GAMMA,Healthcare,58.56,59.62,56.26,57.30,57.29,1871716
2024-01-30,GAMMA,Healthcare,40.21,42.06,39.68,41.51,41.51,1496975
2023-11-27,ALPHA,Technology,97.68,99.62,93.97,95.88,95.87,1436683
2024-06-25,BETA,Finance,64.80,67.49,64.05,66.71,66.70,1246927
2023-11-14,GAMMA,Healthcare,44.13,44.72,43.46,44.05,44.04,1302408
2024-10-15,DELTA,Energy,77.66,79.51,76.67,78.52,78.50,1281507
2023-12-20,BETA,Finance,76.37,77.08,74.42,75.12,75.12,1687361
2024-10-14,BETA,Finance,59.09,60.01,58.33,59.25,59.24,1385395
2023-09-06,DELTA,Energy,70.17,71.67,68.08,69.58,69.57,1615244
2024-05-22,BETA,Finance,68.37,69.45,66.72,67.80,67.78,1202573
2023-06-16,GAMMA,Healthcare,41.50,42.25,40.52,41.26,41.26,1364045
2023-11-16,DELTA,Energy,69.87,71.31,67.24,68.65,68.64,1415500
2023-02-20,DELTA,Energy,62.07,63.71,60.90,62.54,62.54,1854700
2023-08-09,BENCH,Benchmark,110.70,114.54,109.44,113.25,113.24,1552475
2024-05-07,DELTA,Energy,79.55,80.99,77.64,79.06,79.05,1203650
2023-03-07,OMEGA,Consumer,74.60,76.21,70.28,71.83,71.83,1520683
2023-09-07,DELTA,Energy,69.67,71.16,67.49,68.96,68.96,1427084
2023-04-26,GAMMA,Healthcare,50.47,50.96,49.91,50.40,50.40,1254243
2024-06-26,BENCH,Benchmark,160.34,162.46,158.85,160.96,160.93,1584610
2024-01-15,OMEGA,Consumer,110.10,112.15,107.17,109.20,109.19,1261889
2024-05-02,DELTA,Energy,78.16,79.27,75.89,76.98,76.97,1784418
2024-03-14,DELTA,Energy,74.29,75.48,71.64,72.80,72.79,1661051
2024-05-06,OMEGA,Consumer,112.35,113.73,111.66,113.04,113.02,1562287
2024-12-09,ALPHA,Technology,122.48,124.23,118.75,120.47,120.44,2225240
2023-03-27,BENCH,Benchmark,129.50,131.13,127.78,129.42,129.42,1551151
2023-04-20,GAMMA,Healthcare,53.94,54.53,52.71,53.30,53.30,1839906
2024-07-04,BETA,Finance,67.78,68.35,66.67,67.24,67.23,1173268
2023-04-07,GAMMA,Healthcare,51.07,52.05,50.31,51.28,51.28,1858077
2023-12-27,GAMMA,Healthcare,43.54,44.23,42.58,43.26,43.26,1607675
2023-06-22,BENCH,Benchmark,115.77,117.32,114.42,115.96,115.96,1336324
2024-07-30,GAMMA,Healthcare,58.37,59.28,56.58,57.47,57.46,1244246
2023-06-29,GAMMA,Healthcare,40.66,41.12,40.15,40.61,40.61,1502354
2023-02-01,DELTA,Energy,60.19,61.29,58.98,60.08,60.08,1299230
2024-12-24,BENCH,Benchmark,171.34,172.84,168.36,169.85,169.81,1863926
2023-08-24,BETA,Finance,62.48,64.72,61.63,63.85,63.85,1720298
2023-11-30,ALPHA,Technology,100.42,102.34,98.09,100.00,100.00,1654868
2023-01-16,BETA,Finance,62.78,63.54,61.02,61.77,61.77,1189445
2023-02-14,GAMMA,Healthcare,41.47,41.92,40.54,40.99,40.99,1243301
2024-11-20,OMEGA,Consumer,105.87,108.55,104.43,107.09,107.06,1704150
2024-02-01,GAMMA,Healthcare,40.34,41.21,39.70,40.56,40.56,1665630
2024-02-16,ALPHA,Technology,98.92,100.23,95.21,96.49,96.47,1503312
2024-02-02,OMEGA,Consumer,111.98,113.71,110.24,111.98,111.96,1330047
2023-10-13,ALPHA,Technology,111.27,113.92,108.11,110.75,110.74,1999507
2023-04-11,DELTA,Energy,81.41,82.63,80.79,82.00,82.00,1330131
2023-03-14,DELTA,Energy,68.91,70.00,66.90,67.98,67.98,1301285
2024-07-19,OMEGA,Consumer,115.17,116.53,113.13,114.49,114.47,1251570
2024-11-15,BENCH,Benchmark,164.97,167.24,163.66,165.92,165.89,1373083
2024-05-24,OMEGA,Consumer,115.42,118.26,114.03,116.85,116.83,1660203
2024-11-11,DELTA,Energy,94.94,97.04,89.20,91.22,91.20,1448576
2024-11-25,DELTA,Energy,97.62,99.89,95.25,97.51,97.49,1381447
2024-02-06,BETA,Finance,72.63,73.94,71.79,73.10,73.09,1165852
2024-06-17,BETA,Finance,67.10,68.40,66.29,67.58,67.57,1423951
2023-08-04,DELTA,Energy,62.79,63.91,61.74,62.86,62.86,1442614
2023-04-14,BETA,Finance,91.52,93.47,90.44,92.38,92.38,1529085
2023-09-22,BENCH,Benchmark,139.10,141.11,138.21,140.21,140.20,1432426
2024-01-29,DELTA,Energy,74.11,75.15,71.83,72.85,72.84,1387342
2023-10-10,BETA,Finance,83.50,85.13,82.72,84.34,84.33,1520641
2023-07-04,DELTA,Energy,66.11,67.20,64.40,65.48,65.48,1508410
2023-02-09,BETA,Finance,64.18,65.76,63.52,65.09,65.09,1562150
2023-10-11,DELTA,Energy,79.94,83.50,78.58,82.10,82.09,1390309
2023-11-14,ALPHA,Technology,105.16,107.11,103.75,105.69,105.68,1929711
2023-10-06,BETA,Finance,82.26,85.93,81.17,84.80,84.79,1285239
2024-02-16,BENCH,Benchmark,125.81,126.91,125.11,126.21,126.20,1537603
2023-05-01,BETA,Finance,89.80,91.20,89.32,90.72,90.72,1428223
2024-03-29,OMEGA,Consumer,104.64,106.27,103.92,105.55,105.53,1773331
2023-04-27,BENCH,Benchmark,132.25,133.46,130.75,131.96,131.96,1617433
2023-02-13,BETA,Finance,64.81,66.18,63.99,65.36,65.36,1169646
2023-05-09,BENCH,Benchmark,133.81,135.49,131.15,132.82,132.82,1835479
2024-05-16,DELTA,Energy,80.92,82.99,76.89,78.91,78.90,1893391
2023-11-29,GAMMA,Healthcare,47.33,48.15,45.70,46.51,46.51,1353016
2023-02-02,ALPHA,Technology,91.73,93.21,89.79,91.27,91.27,1485468
2023-10-19,DELTA,Energy,75.40,79.15,74.10,77.80,77.80,1718775
2024-12-16,BETA,Finance,73.97,74.75,71.23,71.98,71.96,1317565
2024-04-30,BENCH,Benchmark,144.36,145.71,141.28,142.61,142.59,1725874
2023-11-23,OMEGA,Consumer,97.55,98.89,96.46,97.80,97.79,1605815
2024-01-22,GAMMA,Healthcare,42.07,42.69,40.26,40.85,40.85,1354934
2023-05-10,DELTA,Energy,75.75,77.78,74.63,76.65,76.64,1157657
2023-03-06,ALPHA,Technology,100.91,105.64,99.27,103.95,103.95,1738644
2023-06-15,GAMMA,Healthcare,42.08,42.50,41.29,,41.71,1950143
2023-04-27,GAMMA,Healthcare,50.70,51.31,49.94,50.55,50.55,1621318
2024-08-12,BENCH,Benchmark,138.51,139.57,135.16,136.20,136.18,2017265
2024-11-20,DELTA,Energy,96.18,97.84,94.63,96.28,96.26,1207762
2024-11-14,ALPHA,Technology,116.16,120.05,114.05,117.91,117.89,1358022
2024-05-08,GAMMA,Healthcare,45.84,48.03,45.31,47.47,47.46,1529843
2023-06-21,BENCH,Benchmark,116.29,116.97,115.15,115.83,115.83,1878027
2024-07-25,GAMMA,Healthcare,57.02,57.89,55.84,56.71,56.70,1828405
2023-08-07,BETA,Finance,60.52,61.38,59.66,60.52,60.51,1231981
2024-09-30,GAMMA,Healthcare,49.76,50.09,48.84,49.17,49.16,1280028
2023-03-21,ALPHA,Technology,104.10,106.06,102.26,104.22,104.22,2009639
2023-08-31,OMEGA,Consumer,89.73,91.11,88.06,89.44,89.44,1243975
2024-07-15,BETA,Finance,67.86,68.53,67.03,67.70,67.68,1463026
2023-06-23,DELTA,Energy,71.33,73.00,68.21,69.85,69.85,2057591
2024-04-24,ALPHA,Technology,113.79,115.05,111.46,112.71,112.70,1980746
2023-07-10,DELTA,Energy,64.07,66.16,63.12,65.20,65.19,1773725
2023-10-16,GAMMA,Healthcare,47.80,49.17,47.17,48.53,48.53,1419889
2023-03-07,BENCH,Benchmark,113.94,115.89,112.69,114.64,114.64,1783251
2023-07-19,DELTA,Energy,63.94,65.51,60.94,62.47,62.47,1636898
2023-10-11,ALPHA,Technology,110.48,114.36,109.08,112.93,112.92,1775974
2023-05-17,DELTA,Energy,79.34,79.91,76.87,77.43,77.43,1391485
2024-05-08,ALPHA,Technology,116.99,124.79,114.09,121.77,121.75,1446989
2023-07-28,DELTA,Energy,64.58,65.57,60.99,61.93,61.93,1534369
2023-10-27,BENCH,Benchmark,144.67,145.86,143.15,144.33,144.31,1620539
2023-07-21,ALPHA,Technology,78.79,80.12,76.72,78.04,78.03,1338280
2023-03-07,BETA,Finance,69.48,70.45,68.73,69.69,69.69,1357290
2024-02-05,GAMMA,Healthcare,40.58,42.24,40.01,41.65,41.64,1267776
2024-06-12,ALPHA,Technology,139.94,143.60,138.39,142.03,142.00,1514402
2024-03-13,DELTA,Energy,72.59,75.57,70.69,73.64,73.63,1369000
2024-01-16,GAMMA,Healthcare,42.81,43.54,42.28,43.00,43.00,1242123
2023-05-02,OMEGA,Consumer,77.72,79.36,75.80,77.44,77.43,1511056
2024-05-31,BETA,Finance,67.38,69.51,66.60,68.71,68.70,1410050
2023-07-19,GAMMA,Healthcare,40.83,41.41,40.22,40.80,40.80,1464763
2023-02-27,DELTA,Energy,65.00,65.96,63.47,64.42,64.42,1804285
2024-06-24,BETA,Finance,66.47,67.16,64.46,65.14,65.13,1596409
2024-04-15,BENCH,Benchmark,140.02,142.32,139.17,141.46,141.44,1657766
2023-12-08,ALPHA,Technology,100.29,102.56,98.50,100.75,100.74,2034545
2024-12-31,BETA,Finance,78.78,79.27,77.97,78.46,78.44,1450724
2024-05-02,BENCH,Benchmark,143.03,145.72,140.94,143.62,143.60,1381296
2024-06-28,DELTA,Energy,96.46,100.50,94.86,98.85,98.83,1755886
2023-04-05,OMEGA,Consumer,85.72,86.52,84.10,84.90,84.89,1469130
2023-12-15,BENCH,Benchmark,140.80,142.01,139.38,140.58,140.57,1669875
2023-05-22,OMEGA,Consumer,81.68,83.50,80.20,82.01,82.01,1213438
2024-07-29,ALPHA,Technology,125.17,126.72,123.48,125.03,125.00,2335248
2023-03-23,GAMMA,Healthcare,46.24,48.58,45.49,47.80,47.80,1369378
2024-08-15,BENCH,Benchmark,136.35,138.05,135.21,136.91,136.89,1954649
2023-02-20,ALPHA,Technology,87.44,91.31,86.73,90.57,90.57,1598100
2023-02-01,GAMMA,Healthcare,38.76,40.39,38.35,39.97,39.97,1605428
2023-12-07,GAMMA,Healthcare,45.48,48.11,44.74,47.34,47.33,1502142
2024-03-04,OMEGA,Consumer,104.49,109.48,103.39,108.34,108.32,1717820
2023-11-01,DELTA,Energy,73.26,74.40,71.44,72.56,72.55,1372562
2023-12-12,BENCH,Benchmark,141.28,142.67,139.57,140.96,140.94,1921255
2023-04-18,DELTA,Energy,82.03,86.36,80.24,84.52,84.52,1605523
2024-10-24,BETA,Finance,64.86,65.76,63.79,64.69,64.67,1450200
2023-12-06,GAMMA,Healthcare,46.13,46.83,44.91,45.60,45.60,1656585
2023-09-12,DELTA,Energy,70.02,71.20,69.42,70.59,70.59,1255006
2024-12-03,BENCH,Benchmark,172.83,174.11,169.79,171.06,171.02,1811224
2023-08-21,BETA,Finance,61.27,62.90,60.41,62.02,62.02,1445460
2023-08-23,BENCH,Benchmark,120.05,121.02,118.87,119.84,119.83,1421346
2024-11-05,DELTA,Energy,91.28,93.21,90.81,92.74,92.72,1691943
2024-02-29,ALPHA,Technology,91.97,93.33,86.57,87.87,87.86,1412877
2024-09-27,DELTA,Energy,74.26,79.52,72.90,78.10,78.08,1208916
2024-11-28,ALPHA,Technology,123.78,125.07,120.62,121.88,121.86,1544460
2023-06-01,BENCH,Benchmark,122.70,125.20,121.92,124.41,124.40,1638112
2023-06-02,OMEGA,Consumer,75.78,76.89,74.72,75.83,75.83,1904881
2024-07-03,BETA,Finance,67.27,68.20,66.85,67.77,67.75,1226567
2024-01-16,DELTA,Energy,69.92,71.31,68.10,69.48,69.47,1621880
2023-11-02,DELTA,Energy,72.51,73.61,71.28,72.37,72.36,1580347
2024-01-16,BENCH,Benchmark,131.75,132.96,128.96,130.15,130.14,1751379
2024-07-02,ALPHA,Technology,139.92,144.13,137.67,141.85,141.83,1462709
2023-12-04,BENCH,Benchmark,136.12,139.10,135.10,138.07,138.06,1730183
2023-07-14,BETA,Finance,59.01,59.80,55.98,56.74,56.73,1231771
2023-10-30,BENCH,Benchmark,143.96,144.82,143.06,143.93,143.91,2014765
2023-09-20,BENCH,Benchmark,140.42,141.27,139.28,140.12,140.11,1493909
2024-06-20,GAMMA,Healthcare,54.32,54.95,53.35,53.97,53.96,1565600
2024-12-09,DELTA,Energy,96.58,98.66,94.52,96.61,96.59,1236338
2023-01-25,GAMMA,Healthcare,39.52,40.76,38.99,40.22,40.22,1423717
2024-04-25,ALPHA,Technology,112.55,119.42,110.54,117.32,117.30,1481797
2024-03-14,OMEGA,Consumer,107.87,110.47,106.52,109.10,109.09,2184261
2023-03-09,BENCH,Benchmark,115.85,117.52,115.07,116.73,116.73,1973010
2023-12-13,GAMMA,Healthcare,47.01,47.53,46.15,46.66,46.66,1286155
2023-03-30,GAMMA,Healthcare,48.60,49.79,47.78,48.97,48.97,1684042
2024-06-26,GAMMA,Healthcare,53.76,55.46,53.09,54.78,54.77,1505023
2023-06-22,GAMMA,Healthcare,40.30,40.85,39.80,40.35,40.34,1810491
2023-04-24,ALPHA,Technology,104.07,108.82,103.04,107.75,107.75,1309408
2023-04-11,GAMMA,Healthcare,52.25,53.34,51.56,52.64,52.64,1539819
2024-06-14,DELTA,Energy,93.97,95.77,91.72,93.50,93.48,1420342
2024-04-10,BETA,Finance,72.03,74.67,71.19,73.81,73.80,1443806
2023-01-11,BENCH,Benchmark,101.79,102.51,100.72,101.43,101.43,2054066
2023-06-21,DELTA,Energy,69.86,71.41,69.15,70.70,70.70,1530691
2023-05-01,GAMMA,Healthcare,49.26,50.90,48.83,50.46,50.46,1579301
2023-08-15,OMEGA,Consumer,84.50,85.66,83.61,84.77,84.77,1202534
2023-06-27,ALPHA,Technology,84.70,85.70,82.88,83.87,83.87,1731184
2023-07-31,BETA,Finance,58.79,59.51,56.89,57.60,57.59,1676549
2024-07-24,DELTA,Energy,99.53,104.79,97.80,103.01,102.99,1288558
2023-12-11,GAMMA,Healthcare,47.33,48.01,45.89,46.56,46.56,1331602
2024-02-08,DELTA,Energy,67.49,69.26,66.55,68.31,68.30,1163802
2023-04-28,BENCH,Benchmark,131.99,133.33,129.91,131.24,131.24,1781663
2023-06-13,BETA,Finance,72.37,73.26,70.63,71.51,71.51,1392569
2023-05-22,GAMMA,Healthcare,47.58,47.98,46.68,47.08,47.08,1478892
2024-02-23,DELTA,Energy,71.41,74.40,70.05,73.00,72.99,1600338
2023-09-21,DELTA,Energy,70.03,71.13,69.15,70.25,70.25,1504209
2024-10-23,ALPHA,Technology,102.14,103.23,100.01,101.08,101.06,1334410
2024-02-12,OMEGA,Consumer,107.38,110.83,106.14,109.57,109.55,1460095
2023-06-12,GAMMA,Healthcare,43.66,44.24,42.13,42.69,42.69,1683196
2023-06-15,DELTA,Energy,75.34,77.24,71.26,73.11,73.11,1309233
2023-04-24,BENCH,Benchmark,132.39,134.09,131.39,133.08,133.08,1616045
2024-03-27,GAMMA,Healthcare,42.93,43.57,42.24,42.88,42.87,1434649
2024-09-02,BENCH,Benchmark,136.32,137.42,134.26,135.36,135.33,1476372
2024-06-26,DELTA,Energy,93.54,95.69,92.31,94.44,94.43,1928892
2024-10-23,GAMMA,Healthcare,55.26,56.46,54.40,55.59,55.58,1713467
2023-07-28,BETA,Finance,59.03,59.56,58.07,58.60,58.59,1444347
2023-11-03,DELTA,Energy,72.53,72.95,71.52,71.94,71.93,1162418
2024-12-27,BETA,Finance,78.53,79.60,77.69,78.76,78.74,1179892
2023-02-08,OMEGA,Consumer,66.98,68.15,65.89,67.06,67.06,1331492
2023-05-23,ALPHA,Technology,104.43,105.73,103.26,104.56,104.56,1458382
2024-05-08,BENCH,Benchmark,145.70,149.44,144.15,147.87,147.85,2072163
2024-04-08,ALPHA,Technology,114.87,116.97,111.49,113.56,113.55,1734546
2024-08-09,DELTA,Energy,89.10,90.21,87.70,88.80,88.79,1700474
2023-08-18,BENCH,Benchmark,117.04,119.80,115.99,118.73,118.73,1964337
2023-01-06,OMEGA,Consumer,72.78,73.32,71.24,71.77,71.77,1337674
2024-05-27,OMEGA,Consumer,116.62,118.45,115.23,117.05,117.04,1610991
2024-02-01,OMEGA,Consumer,111.57,112.65,110.76,111.84,111.82,1850065
2024-10-09,GAMMA,Healthcare,51.19,52.05,50.39,51.25,51.24,1474100
2024-06-07,BETA,Finance,70.40,71.10,69.65,70.34,70.33,1313548
2024-02-27,BENCH,Benchmark,127.39,128.31,125.57,126.48,126.46,1346946
2024-10-16,BETA,Finance,60.67,61.78,60.15,61.26,61.24,1393352
2024-01-25,DELTA,Energy,71.79,73.32,70.61,72.13,72.12,1467984
2024-07-26,DELTA,Energy,103.28,106.31,101.22,104.24,104.22,1231600
2023-09-13,BETA,Finance,72.93,75.51,72.06,74.63,74.62,1167548
2023-09-13,GAMMA,Healthcare,46.54,47.30,46.05,46.81,46.80,1511419
2024-05-14,GAMMA,Healthcare,48.08,48.54,47.68,48.14,48.13,1374225
2024-04-10,DELTA,Energy,71.74,72.36,69.05,69.66,69.65,1552928
2023-03-22,DELTA,Energy,71.91,73.59,70.93,72.60,72.60,1413403
2024-12-24,DELTA,Energy,98.66,99.60,96.20,97.13,97.10,1403325
2023-06-05,OMEGA,Consumer,76.57,77.24,75.41,76.08,76.08,1689957
2024-07-03,ALPHA,Technology,142.57,144.60,140.74,142.77,142.74,1679055
2024-10-24,GAMMA,Healthcare,55.72,57.67,55.08,57.02,57.01,1582770
2023-05-15,ALPHA,Technology,109.27,113.40,107.84,111.93,111.93,1589136
2023-10-13,OMEGA,Consumer,104.36,105.27,103.53,104.44,104.43,1294413
2024-01-17,GAMMA,Healthcare,42.96,43.56,41.55,42.15,42.14,1738780
2023-07-06,BENCH,Benchmark,113.59,114.36,111.25,112.01,112.00,1738636
2023-12-18,OMEGA,Consumer,97.89,101.23,96.67,99.99,99.98,1707826
2023-04-26,OMEGA,Consumer,81.35,82.05,79.00,79.68,79.68,1528210
2023-05-23,OMEGA,Consumer,82.41,83.32,80.85,81.75,81.75,2128538
2024-01-11,BENCH,Benchmark,132.02,132.93,130.75,131.66,131.64,1833312
2024-12-20,DELTA,Energy,98.77,103.87,96.49,101.53,101.50,1250567
2023-03-06,OMEGA,Consumer,74.48,75.57,73.43,74.52,74.52,1822057
2023-05-30,ALPHA,Technology,101.10,102.13,97.08,98.08,98.08,1617265
2024-03-18,DELTA,Energy,72.67,73.68,71.44,72.45,72.45,1210881
2023-05-11,GAMMA,Healthcare,46.57,47.26,45.17,45.85,45.85,1307953
2023-12-13,ALPHA,Technology,99.59,101.33,97.00,98.73,98.72,1449996
2023-04-05,ALPHA,Technology,110.34,111.99,108.06,109.70,109.70,1635811
2024-08-01,OMEGA,Consumer,111.88,116.02,110.68,114.78,114.76,2141635
2024-04-02,ALPHA,Technology,106.37,108.66,104.36,106.65,106.64,1696629
2024-08-30,GAMMA,Healthcare,52.23,53.00,51.49,52.25,52.24,2175989
2023-11-21,ALPHA,Technology,102.10,103.41,98.84,100.12,100.11,1309118
2024-07-03,GAMMA,Healthcare,54.31,55.67,53.67,55.03,55.02,1435886
2023-09-26,DELTA,Energy,68.79,72.99,67.68,71.83,71.83,1163320
2024-06-17,BENCH,Benchmark,158.52,160.89,156.79,159.14,159.12,1520050
2024-10-17,DELTA,Energy,82.88,84.29,81.12,82.53,82.51,1277437
2024-03-26,ALPHA,Technology,99.62,103.97,98.09,102.40,102.38,1466693
2023-03-16,OMEGA,Consumer,76.42,78.55,76.00,78.12,78.12,1518287
2023-08-18,OMEGA,Consumer,86.26,87.47,84.62,85.82,85.82,1457477
2023-03-31,OMEGA,Consumer,81.96,85.03,80.88,83.92,83.92,1215590
2024-05-23,OMEGA,Consumer,116.79,118.10,114.97,116.27,116.26,2042251
2023-09-14,DELTA,Energy,69.04,71.23,68.06,70.22,70.22,1524315
2024-07-23,GAMMA,Healthcare,55.76,56.97,54.86,56.06,56.05,1659349
2023-09-29,ALPHA,Technology,104.29,106.27,101.06,103.02,103.01,1875548
2023-08-09,GAMMA,Healthcare,40.30,41.56,39.68,40.93,40.93,1616629
2023-03-13,OMEGA,Consumer,75.16,76.52,74.15,75.51,75.51,1966872
2023-04-06,DELTA,Energy,81.20,84.61,79.65,83.03,83.03,1407865
2023-10-24,GAMMA,Healthcare,48.53,49.37,46.64,47.46,47.46,1298345
2023-10-12,ALPHA,Technology,112.89,114.93,108.17,110.16,110.15,1369660
2024-01-12,GAMMA,Healthcare,43.95,44.38,43.31,43.74,43.74,1338070
2023-01-05,ALPHA,Technology,86.31,87.82,83.82,85.31,85.31,1401927
2024-02-13,BETA,Finance,72.03,72.54,70.79,71.29,71.28,1265712
2024-09-10,GAMMA,Healthcare,51.28,51.63,50.96,51.31,51.30,1210155
2023-11-17,BENCH,Benchmark,140.79,142.25,137.44,138.88,138.87,1626676
2024-03-07,DELTA,Energy,70.13,71.26,68.70,69.82,69.82,1531668
2024-03-12,GAMMA,Healthcare,42.52,43.10,41.95,42.53,42.52,1257389
2023-04-13,BETA,Finance,91.87,92.54,91.10,91.76,91.76,1461386
2023-05-25,BETA,Finance,86.12,87.38,83.42,84.66,84.65,1280500
2024-05-06,GAMMA,Healthcare,45.11,46.32,44.66,45.87,45.86,1319275
2023-01-18,OMEGA,Consumer,70.00,71.35,69.25,70.59,70.59,1859530
2024-08-06,ALPHA,Technology,115.31,117.87,113.58,116.13,116.10,1801808
2023-10-11,BETA,Finance,84.72,85.58,83.89,84.75,84.75,1230595
2023-07-19,BETA,Finance,58.12,60.04,57.51,59.43,59.42,1971451
2023-05-31,BENCH,Benchmark,122.83,123.97,121.60,122.74,122.73,1906124
2024-03-29,BETA,Finance,72.96,73.51,71.60,72.14,72.13,1987301
2023-04-13,BENCH,Benchmark,131.89,133.53,130.62,132.26,132.25,1448903
2024-05-28,BENCH,Benchmark,151.80,153.65,150.51,152.36,152.34,1689300
2023-01-30,OMEGA,Consumer,70.48,71.40,68.48,69.38,69.38,1258121
2023-03-17,BETA,Finance,75.84,76.73,75.31,76.19,76.19,1531933
2023-11-24,OMEGA,Consumer,97.73,99.26,95.08,96.58,96.57,2025762
2024-09-03,ALPHA,Technology,103.59,109.09,101.14,106.58,106.56,1687189
2023-05-26,BETA,Finance,84.66,85.64,82.25,83.21,83.20,1261579
2024-04-30,GAMMA,Healthcare,44.99,46.38,44.47,45.84,45.84,1218329
2024-12-05,BENCH,Benchmark,170.82,172.77,167.60,169.53,169.50,2029396
2023-02-28,ALPHA,Technology,96.75,98.46,94.90,96.62,96.62,1783530
2023-11-08,ALPHA,Technology,107.30,108.54,106.16,107.40,107.39,2222079
2024-06-25,OMEGA,Consumer,121.61,128.20,120.10,126.62,126.60,1367283
2024-06-10,BENCH,Benchmark,159.57,161.05,157.34,158.82,158.80,1550653
2024-04-25,BETA,Finance,72.39,73.23,70.70,71.52,71.51,1607031
2024-08-01,GAMMA,Healthcare,58.82,59.48,57.34,57.99,57.98,1581913
2023-12-12,OMEGA,Consumer,102.86,104.45,100.36,101.93,101.92,2023952
2023-12-26,BENCH,Benchmark,138.11,139.34,134.43,135.64,135.62,1501580
2023-07-26,DELTA,Energy,61.38,65.11,60.15,63.82,63.82,1631671
2024-12-26,BETA,Finance,75.77,79.23,75.00,78.43,78.41,1525107
2023-08-31,GAMMA,Healthcare,44.42,45.23,43.83,44.63,44.63,1605352
2024-02-14,OMEGA,Consumer,109.48,112.89,107.72,111.10,111.09,1786466
2023-09-12,ALPHA,Technology,102.07,106.08,100.67,104.64,104.64,1439203
2024-04-08,BENCH,Benchmark,144.39,145.21,143.33,144.16,144.13,1371687
2023-10-31,OMEGA,Consumer,97.58,100.78,96.27,99.44,99.43,1243905
2024-11-26,ALPHA,Technology,121.52,125.28,119.78,123.51,123.48,2251863
2023-10-18,DELTA,Energy,77.09,78.35,74.37,75.60,75.60,1351334
2024-08-21,BENCH,Benchmark,137.31,138.41,133.74,134.82,134.79,1425553
2023-04-21,BETA,Finance,90.27,91.24,88.16,89.12,89.11,1209975
2024-09-16,BENCH,Benchmark,137.32,138.40,135.46,136.54,136.51,1626335
2024-05-16,BETA,Finance,70.13,71.34,68.99,70.21,70.20,1214203
2023-02-13,BENCH,Benchmark,104.34,106.53,103.41,105.60,105.60,1670776
2024-10-10,GAMMA,Healthcare,51.06,52.57,50.33,51.83,51.82,1676192
2023-01-30,ALPHA,Technology,93.60,95.01,92.15,93.56,93.56,1400324
2023-03-07,DELTA,Energy,63.26,64.47,62.10,63.31,63.31,2045101
2024-03-28,BETA,Finance,72.41,73.64,71.50,72.74,72.73,1724064
